month_of_service,daytype,daycount,route_or_line,ridership_total,ridership_average,ObjectId
2026/05/01 04:00:00+00,Weekday,20,Blue Line,1083809,54190,1
2026/05/01 04:00:00+00,Weekday,20,Orange Line,2948348,147417,2
2026/05/01 04:00:00+00,Weekday,20,Red Line,3171339,158567,3
2026/05/01 04:00:00+00,Weekday,20,Heavy Rail,7203496,360175,4
2026/05/01 04:00:00+00,Weekday,20,Green Line,2464060,123203,5
2026/05/01 04:00:00+00,Weekday,20,Mattapan Line,52986,2649,6
2026/05/01 04:00:00+00,Weekday,20,Light Rail,2517047,125852,7
2026/05/01 04:00:00+00,Weekday,20,Silver Line,686348,34317,8
2026/05/01 04:00:00+00,Weekday,20,Bus,6017156,300858,9
2026/05/01 04:00:00+00,Weekday,20,All Bus,6703504,335175,10
2026/05/01 04:00:00+00,Saturday,5,Blue Line,169991,33998,11
2026/05/01 04:00:00+00,Saturday,5,Orange Line,482795,96559,12
2026/05/01 04:00:00+00,Saturday,5,Red Line,487871,97574,13
2026/05/01 04:00:00+00,Saturday,5,Heavy Rail,1140657,228131,14
2026/05/01 04:00:00+00,Saturday,5,Green Line,512703,102541,15
2026/05/01 04:00:00+00,Saturday,5,Mattapan Line,4888,978,16
2026/05/01 04:00:00+00,Saturday,5,Light Rail,517591,103518,17
2026/05/01 04:00:00+00,Saturday,5,Silver Line,114183,22837,18
2026/05/01 04:00:00+00,Saturday,5,Bus,875792,175158,19
2026/05/01 04:00:00+00,Saturday,5,All Bus,989975,197995,20
2026/05/01 04:00:00+00,Sunday,6,Blue Line,168299,28050,21
2026/05/01 04:00:00+00,Sunday,6,Orange Line,452834,75472,22
2026/05/01 04:00:00+00,Sunday,6,Red Line,471115,78519,23
2026/05/01 04:00:00+00,Sunday,6,Heavy Rail,1092247,182041,24
2026/05/01 04:00:00+00,Sunday,6,Green Line,481096,80183,25
2026/05/01 04:00:00+00,Sunday,6,Mattapan Line,5162,860,26
2026/05/01 04:00:00+00,Sunday,6,Light Rail,486258,81043,27
2026/05/01 04:00:00+00,Sunday,6,Silver Line,125959,20993,28
2026/05/01 04:00:00+00,Sunday,6,Bus,796161,132694,29
2026/05/01 04:00:00+00,Sunday,6,All Bus,922120,153687,30
2026/05/01 04:00:00+00,Total,31,Blue Line,1422099,45874,31
2026/05/01 04:00:00+00,Total,31,Orange Line,3883977,125290,32
2026/05/01 04:00:00+00,Total,31,Red Line,4130324,133236,33
2026/05/01 04:00:00+00,Total,31,Heavy Rail,9436400,304400,34
2026/05/01 04:00:00+00,Total,31,Green Line,3457859,111544,35
2026/05/01 04:00:00+00,Total,31,Mattapan Line,63036,2033,36
2026/05/01 04:00:00+00,Total,31,Light Rail,3520896,113577,37
2026/05/01 04:00:00+00,Total,31,Silver Line,926490,29887,38
2026/05/01 04:00:00+00,Total,31,Bus,7689109,248036,39
2026/05/01 04:00:00+00,Total,31,All Bus,8615599,277923,40
2026/04/01 04:00:00+00,Weekday,22,Blue Line,1167469,53067,41
2026/04/01 04:00:00+00,Weekday,22,Orange Line,3283628,149256,42
2026/04/01 04:00:00+00,Weekday,22,Red Line,3547524,161251,43
2026/04/01 04:00:00+00,Weekday,22,Heavy Rail,7998620,363574,44
2026/04/01 04:00:00+00,Weekday,22,Green Line,3002832,136492,45
2026/04/01 04:00:00+00,Weekday,22,Mattapan Line,67383,3063,46
2026/04/01 04:00:00+00,Weekday,22,Light Rail,3070215,139555,47
2026/04/01 04:00:00+00,Weekday,22,Silver Line,726459,33021,48
2026/04/01 04:00:00+00,Weekday,22,Bus,6183696,281077,49
2026/04/01 04:00:00+00,Weekday,22,All Bus,6910155,314098,50
2025/11/01 04:00:00+00,Weekday,19,Blue Line,973326,51228,51
2025/11/01 04:00:00+00,Weekday,19,Orange Line,2792092,146952,52
2025/11/01 04:00:00+00,Weekday,19,Red Line,2946301,155068,53
2025/11/01 04:00:00+00,Weekday,19,Heavy Rail,6711718,353248,54
2025/11/01 04:00:00+00,Weekday,19,Green Line,2445954,128734,55
2025/11/01 04:00:00+00,Weekday,19,Mattapan Line,59702,3142,56
2025/11/01 04:00:00+00,Weekday,19,Light Rail,2505657,131877,57
2025/11/01 04:00:00+00,Weekday,19,Silver Line,575281,30278,58
2025/11/01 04:00:00+00,Weekday,19,Bus,5215920,274522,59
2025/11/01 04:00:00+00,Weekday,19,All Bus,5791201,304800,60
2025/11/01 04:00:00+00,Weekday,18,Commuter Rail,2009741,111652,61
2025/11/01 04:00:00+00,Weekday,18,Ferry,69967,3887,62
2025/11/01 04:00:00+00,Weekday,18,The RIDE,79191,4400,63
2025/11/01 04:00:00+00,Saturday,5,Blue Line,190543,38109,64
2025/11/01 04:00:00+00,Saturday,5,Orange Line,420420,84084,65
2025/11/01 04:00:00+00,Saturday,5,Red Line,535575,107115,66
2025/11/01 04:00:00+00,Saturday,5,Heavy Rail,1146537,229307,67
2025/11/01 04:00:00+00,Saturday,5,Green Line,593573,118715,68
2025/11/01 04:00:00+00,Saturday,5,Mattapan Line,9052,1810,69
2025/11/01 04:00:00+00,Saturday,5,Light Rail,602626,120525,70
2025/11/01 04:00:00+00,Saturday,5,Silver Line,121111,24222,71
2025/11/01 04:00:00+00,Saturday,5,Bus,788886,157777,72
2025/11/01 04:00:00+00,Saturday,5,All Bus,909997,181999,73
2025/11/01 04:00:00+00,Saturday,5,Commuter Rail,212184,42437,74
2025/11/01 04:00:00+00,Saturday,5,Ferry,3008,602,75
2025/11/01 04:00:00+00,Saturday,5,The RIDE,10094,2019,76
2025/11/01 04:00:00+00,Sunday,6,Blue Line,158569,26428,77
2025/11/01 04:00:00+00,Sunday,6,Orange Line,333160,55527,78
2025/11/01 04:00:00+00,Sunday,6,Red Line,437504,72917,79
2025/11/01 04:00:00+00,Sunday,6,Heavy Rail,929233,154872,80
2025/11/01 04:00:00+00,Sunday,6,Green Line,458231,76372,81
2025/11/01 04:00:00+00,Sunday,6,Mattapan Line,7504,1251,82
2025/11/01 04:00:00+00,Sunday,6,Light Rail,465735,77622,83
2025/11/01 04:00:00+00,Sunday,6,Silver Line,105634,17606,84
2025/11/01 04:00:00+00,Sunday,6,Bus,629414,104902,85
2025/11/01 04:00:00+00,Sunday,6,All Bus,735048,122508,86
2025/11/01 04:00:00+00,Sunday,5,Commuter Rail,197030,39406,87
2025/11/01 04:00:00+00,Sunday,5,Ferry,1753,351,88
2025/11/01 04:00:00+00,Sunday,5,The RIDE,9550,1910,89
2025/11/01 04:00:00+00,Total,30,Blue Line,1322437,44081,90
2025/11/01 04:00:00+00,Total,30,Orange Line,3545672,118189,91
2025/11/01 04:00:00+00,Total,30,Red Line,3919380,130646,92
2025/11/01 04:00:00+00,Total,30,Heavy Rail,8787488,292916,93
2025/11/01 04:00:00+00,Total,30,Green Line,3497758,116592,94
2025/11/01 04:00:00+00,Total,30,Mattapan Line,76259,2542,95
2025/11/01 04:00:00+00,Total,30,Light Rail,3574017,119134,96
2025/11/01 04:00:00+00,Total,30,Silver Line,802026,26734,97
2025/11/01 04:00:00+00,Total,30,Bus,6634221,221141,98
2025/11/01 04:00:00+00,Total,30,All Bus,7436246,247875,99
2025/11/01 04:00:00+00,Total,30,Commuter Rail,2558470,85282,100
2026/04/01 04:00:00+00,Weekday,21,Commuter Rail,2385446,113593,101
2026/04/01 04:00:00+00,Weekday,21,Ferry,91379,4351,102
2026/04/01 04:00:00+00,Weekday,21,The RIDE,90041,4288,103
2026/04/01 04:00:00+00,Saturday,4,Blue Line,170467,42617,104
2026/04/01 04:00:00+00,Saturday,4,Orange Line,452923,113231,105
2026/04/01 04:00:00+00,Saturday,4,Red Line,499508,124877,106
2026/04/01 04:00:00+00,Saturday,4,Heavy Rail,1122898,280724,107
2026/04/01 04:00:00+00,Saturday,4,Green Line,530633,132658,108
2026/04/01 04:00:00+00,Saturday,4,Mattapan Line,6930,1732,109
2026/04/01 04:00:00+00,Saturday,4,Light Rail,537563,134391,110
2026/04/01 04:00:00+00,Saturday,4,Silver Line,129519,32380,111
2026/04/01 04:00:00+00,Saturday,4,Bus,939210,234802,112
2026/04/01 04:00:00+00,Saturday,4,All Bus,1068729,267182,113
2026/04/01 04:00:00+00,Saturday,4,Commuter Rail,159749,39937,114
2026/04/01 04:00:00+00,Saturday,4,Ferry,3355,839,115
2026/04/01 04:00:00+00,Saturday,4,The RIDE,8126,2032,116
2026/04/01 04:00:00+00,Sunday,4,Blue Line,123844,30961,117
2026/04/01 04:00:00+00,Sunday,4,Orange Line,310245,77561,118
2026/04/01 04:00:00+00,Sunday,4,Red Line,342195,85549,119
2026/04/01 04:00:00+00,Sunday,4,Heavy Rail,776285,194071,120
2026/04/01 04:00:00+00,Sunday,4,Green Line,365144,91286,121
2026/04/01 04:00:00+00,Sunday,4,Mattapan Line,5062,1266,122
2026/04/01 04:00:00+00,Sunday,4,Light Rail,370206,92552,123
2026/04/01 04:00:00+00,Sunday,4,Silver Line,76597,19149,124
2026/04/01 04:00:00+00,Sunday,4,Bus,497115,124279,125
2026/04/01 04:00:00+00,Sunday,4,All Bus,573712,143428,126
2026/04/01 04:00:00+00,Sunday,4,Commuter Rail,151770,37942,127
2026/04/01 04:00:00+00,Sunday,4,Ferry,1731,433,128
2026/04/01 04:00:00+00,Sunday,4,The RIDE,8860,2215,129
2026/04/01 04:00:00+00,Total,30,Blue Line,1461780,48726,130
2026/04/01 04:00:00+00,Total,30,Orange Line,4046795,134893,131
2026/04/01 04:00:00+00,Total,30,Red Line,4389227,146308,132
2026/04/01 04:00:00+00,Total,30,Heavy Rail,9897802,329927,133
2026/04/01 04:00:00+00,Total,30,Green Line,3898609,129954,134
2026/04/01 04:00:00+00,Total,30,Mattapan Line,79375,2646,135
2026/04/01 04:00:00+00,Total,30,Light Rail,3977984,132599,136
2026/04/01 04:00:00+00,Total,30,Silver Line,932575,31086,137
2026/04/01 04:00:00+00,Total,30,Bus,7620021,254001,138
2026/04/01 04:00:00+00,Total,30,All Bus,8552596,285087,139
2026/04/01 04:00:00+00,Total,30,Commuter Rail,2809730,93658,140
2026/04/01 04:00:00+00,Total,30,Ferry,99786,3326,141
2026/04/01 04:00:00+00,Total,30,The RIDE,107027,3568,142
2026/03/01 05:00:00+00,Weekday,22,Blue Line,1106889,50313,143
2026/03/01 05:00:00+00,Weekday,22,Orange Line,3049686,138622,144
2026/03/01 05:00:00+00,Weekday,22,Red Line,3448615,156755,145
2026/03/01 05:00:00+00,Weekday,22,Heavy Rail,7605190,345690,146
2026/03/01 05:00:00+00,Weekday,22,Green Line,2831637,128711,147
2026/03/01 05:00:00+00,Weekday,22,Mattapan Line,66930,3042,148
2026/03/01 05:00:00+00,Weekday,22,Light Rail,2898567,131753,149
2026/03/01 05:00:00+00,Weekday,22,Silver Line,697007,31682,150
2026/01/01 05:00:00+00,Weekday,20,Green Line,2453296,122665,151
2026/01/01 05:00:00+00,Weekday,20,Mattapan Line,51026,2551,152
2026/01/01 05:00:00+00,Weekday,20,Light Rail,2504322,125216,153
2026/01/01 05:00:00+00,Weekday,20,Silver Line,560060,28003,154
2026/01/01 05:00:00+00,Weekday,20,Bus,5022135,251107,155
2026/01/01 05:00:00+00,Weekday,20,All Bus,5582195,279110,156
2026/01/01 05:00:00+00,Weekday,20,Commuter Rail,2032694,101635,157
2026/01/01 05:00:00+00,Weekday,20,Ferry,58413,2921,158
2026/01/01 05:00:00+00,Weekday,20,The RIDE,79191,3960,159
2026/01/01 05:00:00+00,Saturday,6,Blue Line,160719,26786,160
2026/01/01 05:00:00+00,Saturday,6,Orange Line,407895,67982,161
2026/01/01 05:00:00+00,Saturday,6,Red Line,494228,82371,162
2026/01/01 05:00:00+00,Saturday,6,Heavy Rail,1062842,177140,163
2026/01/01 05:00:00+00,Saturday,6,Green Line,542999,90500,164
2026/01/01 05:00:00+00,Saturday,6,Mattapan Line,8437,1406,165
2026/01/01 05:00:00+00,Saturday,6,Light Rail,551437,91906,166
2026/01/01 05:00:00+00,Saturday,6,Silver Line,110816,18469,167
2026/01/01 05:00:00+00,Saturday,6,Bus,840733,140122,168
2026/01/01 05:00:00+00,Saturday,6,All Bus,951549,158592,169
2026/01/01 05:00:00+00,Saturday,5,Commuter Rail,185163,37033,170
2026/01/01 05:00:00+00,Saturday,5,Ferry,1238,248,171
2026/01/01 05:00:00+00,Saturday,5,The RIDE,10094,2019,172
2026/01/01 05:00:00+00,Sunday,5,Blue Line,95232,19046,173
2026/01/01 05:00:00+00,Sunday,5,Orange Line,218222,43644,174
2026/01/01 05:00:00+00,Sunday,5,Red Line,273314,54663,175
2026/01/01 05:00:00+00,Sunday,5,Heavy Rail,586768,117354,176
2026/01/01 05:00:00+00,Sunday,5,Green Line,287175,57435,177
2026/01/01 05:00:00+00,Sunday,5,Mattapan Line,5151,1030,178
2026/01/01 05:00:00+00,Sunday,5,Light Rail,292326,58465,179
2026/01/01 05:00:00+00,Sunday,5,Silver Line,71393,14279,180
2026/01/01 05:00:00+00,Sunday,5,Bus,454010,90802,181
2026/01/01 05:00:00+00,Sunday,5,All Bus,525403,105081,182
2026/01/01 05:00:00+00,Sunday,4,Commuter Rail,139592,34898,183
2026/01/01 05:00:00+00,Sunday,4,Ferry,529,132,184
2026/01/01 05:00:00+00,Sunday,4,The RIDE,9550,2388,185
2026/01/01 05:00:00+00,Total,31,Blue Line,1149764,37089,186
2026/01/01 05:00:00+00,Total,31,Orange Line,3226847,104092,187
2026/01/01 05:00:00+00,Total,31,Red Line,3496798,112800,188
2026/01/01 05:00:00+00,Total,31,Heavy Rail,7873410,253981,189
2026/01/01 05:00:00+00,Total,31,Green Line,3283471,105918,190
2026/01/01 05:00:00+00,Total,31,Mattapan Line,64613,2084,191
2026/01/01 05:00:00+00,Total,31,Light Rail,3348084,108003,192
2026/01/01 05:00:00+00,Total,31,Silver Line,742268,23944,193
2026/01/01 05:00:00+00,Total,31,Bus,6316878,203770,194
2026/01/01 05:00:00+00,Total,31,All Bus,7059146,227714,195
2026/01/01 05:00:00+00,Total,31,Commuter Rail,2470914,79707,196
2026/01/01 05:00:00+00,Total,31,Ferry,60679,1957,197
2026/01/01 05:00:00+00,Total,31,The RIDE,98835,3188,198
2025/12/01 05:00:00+00,Weekday,22,Blue Line,964066,43821,199
2025/12/01 05:00:00+00,Weekday,22,Orange Line,2943068,133776,200
2026/02/01 05:00:00+00,Weekday,19,Light Rail,2416796,127200,201
2026/02/01 05:00:00+00,Weekday,19,Silver Line,506527,26659,202
2026/02/01 05:00:00+00,Weekday,19,Bus,4634062,243898,203
2026/02/01 05:00:00+00,Weekday,19,All Bus,5140589,270557,204
2026/02/01 05:00:00+00,Weekday,19,Commuter Rail,1881518,99027,205
2026/02/01 05:00:00+00,Weekday,19,Ferry,29065,1530,206
2026/02/01 05:00:00+00,Weekday,19,The RIDE,68774,3620,207
2026/02/01 05:00:00+00,Saturday,5,Blue Line,168962,33792,208
2026/02/01 05:00:00+00,Saturday,5,Orange Line,392423,78485,209
2026/02/01 05:00:00+00,Saturday,5,Red Line,472130,94426,210
2026/02/01 05:00:00+00,Saturday,5,Heavy Rail,1033515,206703,211
2026/02/01 05:00:00+00,Saturday,5,Green Line,530816,106163,212
2026/02/01 05:00:00+00,Saturday,5,Mattapan Line,5826,1165,213
2026/02/01 05:00:00+00,Saturday,5,Light Rail,536641,107328,214
2026/02/01 05:00:00+00,Saturday,5,Silver Line,118586,23717,215
2026/02/01 05:00:00+00,Saturday,5,Bus,983916,196783,216
2026/02/01 05:00:00+00,Saturday,5,All Bus,1102502,220500,217
2026/02/01 05:00:00+00,Saturday,4,Commuter Rail,155110,38778,218
2026/02/01 05:00:00+00,Saturday,4,Ferry,853,213,219
2026/02/01 05:00:00+00,Saturday,4,The RIDE,6922,1730,220
2026/02/01 05:00:00+00,Sunday,4,Blue Line,97941,24485,221
2026/02/01 05:00:00+00,Sunday,4,Orange Line,246865,61716,222
2026/02/01 05:00:00+00,Sunday,4,Red Line,274323,68581,223
2026/02/01 05:00:00+00,Sunday,4,Heavy Rail,619129,154782,224
2026/02/01 05:00:00+00,Sunday,4,Green Line,306391,76598,225
2026/02/01 05:00:00+00,Sunday,4,Mattapan Line,3175,794,226
2026/02/01 05:00:00+00,Sunday,4,Light Rail,309566,77392,227
2026/02/01 05:00:00+00,Sunday,4,Silver Line,63309,15827,228
2026/02/01 05:00:00+00,Sunday,4,Bus,438499,109625,229
2026/02/01 05:00:00+00,Sunday,4,All Bus,501807,125452,230
2026/02/01 05:00:00+00,Sunday,4,Commuter Rail,145027,36257,231
2026/02/01 05:00:00+00,Sunday,4,Ferry,511,128,232
2026/02/01 05:00:00+00,Sunday,4,The RIDE,5648,1412,233
2026/02/01 05:00:00+00,Total,28,Blue Line,1126984,40249,234
2026/02/01 05:00:00+00,Total,28,Orange Line,3194581,114092,235
2026/02/01 05:00:00+00,Total,28,Red Line,3488398,124586,236
2026/02/01 05:00:00+00,Total,28,Heavy Rail,7809962,278927,237
2026/02/01 05:00:00+00,Total,28,Green Line,3204087,114432,238
2026/02/01 05:00:00+00,Total,28,Mattapan Line,58917,2104,239
2026/02/01 05:00:00+00,Total,28,Light Rail,3263003,116536,240
2026/02/01 05:00:00+00,Total,28,Silver Line,688422,24586,241
2026/02/01 05:00:00+00,Total,28,Bus,6056477,216303,242
2026/02/01 05:00:00+00,Total,28,All Bus,6744899,240889,243
2026/02/01 05:00:00+00,Total,28,Commuter Rail,2219064,79252,244
2026/02/01 05:00:00+00,Total,28,Ferry,31311,1118,245
2026/02/01 05:00:00+00,Total,28,The RIDE,81344,2905,246
2026/01/01 05:00:00+00,Weekday,20,Blue Line,893813,44691,247
2026/01/01 05:00:00+00,Weekday,20,Orange Line,2600730,130036,248
2026/01/01 05:00:00+00,Weekday,20,Red Line,2729256,136463,249
2026/01/01 05:00:00+00,Weekday,20,Heavy Rail,6223799,311190,250
2026/03/01 05:00:00+00,Weekday,22,Bus,6183570,281071,251
2026/03/01 05:00:00+00,Weekday,22,All Bus,6880577,312754,252
2026/03/01 05:00:00+00,Weekday,22,Commuter Rail,2450529,111388,253
2026/03/01 05:00:00+00,Weekday,22,Ferry,78704,3577,254
2026/03/01 05:00:00+00,Weekday,22,The RIDE,90041,4093,255
2026/03/01 05:00:00+00,Saturday,4,Blue Line,155901,38975,256
2026/03/01 05:00:00+00,Saturday,4,Orange Line,403653,100913,257
2026/03/01 05:00:00+00,Saturday,4,Red Line,465782,116446,258
2026/03/01 05:00:00+00,Saturday,4,Heavy Rail,1025336,256334,259
2026/03/01 05:00:00+00,Saturday,4,Green Line,490906,122726,260
2026/03/01 05:00:00+00,Saturday,4,Mattapan Line,6683,1671,261
2026/03/01 05:00:00+00,Saturday,4,Light Rail,497589,124397,262
2026/03/01 05:00:00+00,Saturday,4,Silver Line,89519,22380,263
2026/03/01 05:00:00+00,Saturday,4,Bus,668987,167247,264
2026/03/01 05:00:00+00,Saturday,4,All Bus,758506,189626,265
2026/03/01 05:00:00+00,Saturday,4,Commuter Rail,161638,40410,266
2026/03/01 05:00:00+00,Saturday,4,Ferry,1845,461,267
2026/03/01 05:00:00+00,Saturday,4,The RIDE,8126,2032,268
2026/03/01 05:00:00+00,Sunday,5,Blue Line,140232,28046,269
2026/03/01 05:00:00+00,Sunday,5,Orange Line,339060,67812,270
2026/03/01 05:00:00+00,Sunday,5,Red Line,420747,84149,271
2026/03/01 05:00:00+00,Sunday,5,Heavy Rail,900039,180008,272
2026/03/01 05:00:00+00,Sunday,5,Green Line,417156,83431,273
2026/03/01 05:00:00+00,Sunday,5,Mattapan Line,6313,1263,274
2026/03/01 05:00:00+00,Sunday,5,Light Rail,423468,84694,275
2026/03/01 05:00:00+00,Sunday,5,Silver Line,89624,17925,276
2026/03/01 05:00:00+00,Sunday,5,Bus,571309,114262,277
2026/03/01 05:00:00+00,Sunday,5,All Bus,660933,132187,278
2026/03/01 05:00:00+00,Sunday,5,Commuter Rail,195775,39155,279
2026/03/01 05:00:00+00,Sunday,5,Ferry,1512,302,280
2026/03/01 05:00:00+00,Sunday,5,The RIDE,8860,1772,281
2026/03/01 05:00:00+00,Total,31,Blue Line,1403023,45259,282
2026/03/01 05:00:00+00,Total,31,Orange Line,3792398,122335,283
2026/03/01 05:00:00+00,Total,31,Red Line,4335144,139843,284
2026/03/01 05:00:00+00,Total,31,Heavy Rail,9530565,307438,285
2026/03/01 05:00:00+00,Total,31,Green Line,3739699,120635,286
2026/03/01 05:00:00+00,Total,31,Mattapan Line,79926,2578,287
2026/03/01 05:00:00+00,Total,31,Light Rail,3819625,123214,288
2026/03/01 05:00:00+00,Total,31,Silver Line,876150,28263,289
2026/03/01 05:00:00+00,Total,31,Bus,7423866,239480,290
2026/03/01 05:00:00+00,Total,31,All Bus,8300016,267742,291
2026/03/01 05:00:00+00,Total,31,Commuter Rail,2807942,90579,292
2026/03/01 05:00:00+00,Total,31,Ferry,82061,2647,293
2026/03/01 05:00:00+00,Total,31,The RIDE,107027,3452,294
2026/02/01 05:00:00+00,Weekday,19,Blue Line,860081,45267,295
2026/02/01 05:00:00+00,Weekday,19,Orange Line,2555293,134489,296
2026/02/01 05:00:00+00,Weekday,19,Red Line,2741945,144313,297
2026/02/01 05:00:00+00,Weekday,19,Heavy Rail,6157318,324069,298
2026/02/01 05:00:00+00,Weekday,19,Green Line,2366880,124573,299
2026/02/01 05:00:00+00,Weekday,19,Mattapan Line,49916,2627,300
2025/11/01 04:00:00+00,Total,30,Ferry,78713,2624,301
2025/11/01 04:00:00+00,Total,30,The RIDE,98835,3294,302
2025/10/01 04:00:00+00,Weekday,22,Blue Line,1191542,54161,303
2025/10/01 04:00:00+00,Weekday,22,Orange Line,3316968,150771,304
2025/10/01 04:00:00+00,Weekday,22,Red Line,3608907,164041,305
2025/10/01 04:00:00+00,Weekday,22,Heavy Rail,8117417,368974,306
2025/10/01 04:00:00+00,Weekday,22,Green Line,2953678,134258,307
2025/10/01 04:00:00+00,Weekday,22,Mattapan Line,74610,3391,308
2025/10/01 04:00:00+00,Weekday,22,Light Rail,3028288,137649,309
2025/10/01 04:00:00+00,Weekday,22,Silver Line,713116,32414,310
2025/10/01 04:00:00+00,Weekday,22,Bus,6418790,291763,311
2025/10/01 04:00:00+00,Weekday,22,All Bus,7131906,324178,312
2025/10/01 04:00:00+00,Weekday,22,Commuter Rail,2292936,104224,313
2025/10/01 04:00:00+00,Weekday,22,Ferry,104843,4766,314
2025/10/01 04:00:00+00,Weekday,23,The RIDE,95082,4134,315
2025/10/01 04:00:00+00,Saturday,5,Blue Line,193707,38741,316
2025/10/01 04:00:00+00,Saturday,5,Orange Line,434662,86932,317
2025/10/01 04:00:00+00,Saturday,5,Red Line,583767,116753,318
2025/10/01 04:00:00+00,Saturday,5,Heavy Rail,1212137,242427,319
2025/10/01 04:00:00+00,Saturday,5,Green Line,621314,124263,320
2025/10/01 04:00:00+00,Saturday,5,Mattapan Line,9285,1857,321
2025/10/01 04:00:00+00,Saturday,5,Light Rail,630599,126120,322
2025/10/01 04:00:00+00,Saturday,5,Silver Line,116932,23386,323
2025/10/01 04:00:00+00,Saturday,5,Bus,818675,163735,324
2025/10/01 04:00:00+00,Saturday,5,All Bus,935607,187121,325
2025/10/01 04:00:00+00,Saturday,4,Commuter Rail,179961,44990,326
2025/10/01 04:00:00+00,Saturday,4,Ferry,10586,2646,327
2025/10/01 04:00:00+00,Saturday,4,The RIDE,8493,2123,328
2025/10/01 04:00:00+00,Sunday,4,Blue Line,124498,31124,329
2025/10/01 04:00:00+00,Sunday,4,Orange Line,272663,68166,330
2025/10/01 04:00:00+00,Sunday,4,Red Line,355344,88836,331
2025/10/01 04:00:00+00,Sunday,4,Heavy Rail,752504,188126,332
2025/10/01 04:00:00+00,Sunday,4,Green Line,362168,90542,333
2025/10/01 04:00:00+00,Sunday,4,Mattapan Line,5466,1366,334
2025/10/01 04:00:00+00,Sunday,4,Light Rail,367634,91908,335
2025/10/01 04:00:00+00,Sunday,4,Silver Line,73093,18273,336
2025/10/01 04:00:00+00,Sunday,4,Bus,463646,115912,337
2025/10/01 04:00:00+00,Sunday,4,All Bus,536739,134185,338
2025/10/01 04:00:00+00,Sunday,4,Commuter Rail,150728,37682,339
2025/10/01 04:00:00+00,Sunday,4,Ferry,5783,1446,340
2025/10/01 04:00:00+00,Sunday,4,The RIDE,7603,1901,341
2025/10/01 04:00:00+00,Total,31,Blue Line,1509748,48702,342
2025/10/01 04:00:00+00,Total,31,Orange Line,4024293,129816,343
2025/10/01 04:00:00+00,Total,31,Red Line,4548018,146710,344
2025/10/01 04:00:00+00,Total,31,Heavy Rail,10082059,325228,345
2025/10/01 04:00:00+00,Total,31,Green Line,3937159,127005,346
2025/10/01 04:00:00+00,Total,31,Mattapan Line,89362,2883,347
2025/10/01 04:00:00+00,Total,31,Light Rail,4026521,129888,348
2025/10/01 04:00:00+00,Total,31,Silver Line,903141,29134,349
2025/10/01 04:00:00+00,Total,31,Bus,7701111,248423,350
2025/12/01 05:00:00+00,Weekday,22,Red Line,2913914,132451,351
2025/12/01 05:00:00+00,Weekday,22,Heavy Rail,6821047,310048,352
2025/12/01 05:00:00+00,Weekday,22,Green Line,1851002,84136,353
2025/12/01 05:00:00+00,Weekday,22,Mattapan Line,58793,2672,354
2025/12/01 05:00:00+00,Weekday,22,Light Rail,1909796,86809,355
2025/12/01 05:00:00+00,Weekday,22,Silver Line,630643,28666,356
2025/12/01 05:00:00+00,Weekday,22,Bus,5478121,249006,357
2025/12/01 05:00:00+00,Weekday,22,All Bus,6108765,277671,358
2025/12/01 05:00:00+00,Weekday,22,Commuter Rail,2341366,106426,359
2025/12/01 05:00:00+00,Weekday,22,Ferry,66333,3015,360
2025/12/01 05:00:00+00,Weekday,22,The RIDE,81255,3693,361
2025/12/01 05:00:00+00,Saturday,4,Blue Line,129863,32466,362
2025/12/01 05:00:00+00,Saturday,4,Orange Line,355057,88764,363
2025/12/01 05:00:00+00,Saturday,4,Red Line,371059,92765,364
2025/12/01 05:00:00+00,Saturday,4,Heavy Rail,855980,213995,365
2025/12/01 05:00:00+00,Saturday,4,Green Line,288552,72138,366
2025/12/01 05:00:00+00,Saturday,4,Mattapan Line,5928,1482,367
2025/12/01 05:00:00+00,Saturday,4,Light Rail,294480,73620,368
2025/12/01 05:00:00+00,Saturday,4,Silver Line,90951,22738,369
2025/12/01 05:00:00+00,Saturday,4,Bus,598258,149564,370
2025/12/01 05:00:00+00,Saturday,4,All Bus,689209,172302,371
2025/12/01 05:00:00+00,Saturday,4,Commuter Rail,163125,40781,372
2025/12/01 05:00:00+00,Saturday,4,Ferry,910,228,373
2025/12/01 05:00:00+00,Saturday,4,The RIDE,7147,1787,374
2025/12/01 05:00:00+00,Sunday,5,Blue Line,114026,22805,375
2025/12/01 05:00:00+00,Sunday,5,Orange Line,306749,61350,376
2025/12/01 05:00:00+00,Sunday,5,Red Line,310003,62001,377
2025/12/01 05:00:00+00,Sunday,5,Heavy Rail,730778,146156,378
2025/12/01 05:00:00+00,Sunday,5,Green Line,243038,48608,379
2025/12/01 05:00:00+00,Sunday,5,Mattapan Line,5407,1081,380
2025/12/01 05:00:00+00,Sunday,5,Light Rail,248445,49689,381
2025/12/01 05:00:00+00,Sunday,5,Silver Line,81701,16340,382
2025/12/01 05:00:00+00,Sunday,5,Bus,476797,95359,383
2025/12/01 05:00:00+00,Sunday,5,All Bus,558497,111699,384
2025/12/01 05:00:00+00,Sunday,4,Commuter Rail,149297,37324,385
2025/12/01 05:00:00+00,Sunday,4,Ferry,835,209,386
2025/12/01 05:00:00+00,Sunday,4,The RIDE,7036,1759,387
2025/12/01 05:00:00+00,Total,31,Blue Line,1207955,38966,388
2025/12/01 05:00:00+00,Total,31,Orange Line,3604874,116286,389
2025/12/01 05:00:00+00,Total,31,Red Line,3594976,115967,390
2025/12/01 05:00:00+00,Total,31,Heavy Rail,8407805,271220,391
2025/12/01 05:00:00+00,Total,31,Green Line,2382592,76858,392
2025/12/01 05:00:00+00,Total,31,Mattapan Line,70129,2262,393
2025/12/01 05:00:00+00,Total,31,Light Rail,2452721,79120,394
2025/12/01 05:00:00+00,Total,31,Silver Line,803295,25913,395
2025/12/01 05:00:00+00,Total,31,Bus,6553176,211393,396
2025/12/01 05:00:00+00,Total,31,All Bus,7356471,237306,397
2025/12/01 05:00:00+00,Total,31,Commuter Rail,2682774,86541,398
2025/12/01 05:00:00+00,Total,31,Ferry,68078,2196,399
2025/12/01 05:00:00+00,Total,31,The RIDE,95438,3079,400
2025/08/01 04:00:00+00,Total,31,Mattapan Line,73696,2377,401
2025/08/01 04:00:00+00,Total,31,Light Rail,3581734,115540,402
2025/08/01 04:00:00+00,Total,31,Silver Line,886641,28601,403
2025/08/01 04:00:00+00,Total,31,Bus,6810972,219709,404
2025/08/01 04:00:00+00,Total,31,All Bus,7697613,248310,405
2025/08/01 04:00:00+00,Total,31,Commuter Rail,2406218,77620,406
2025/08/01 04:00:00+00,Total,31,Ferry,205932,6643,407
2025/08/01 04:00:00+00,Total,31,The RIDE,103359,3334,408
2025/07/01 04:00:00+00,Weekday,22,Blue Line,1136434,51656,409
2025/07/01 04:00:00+00,Weekday,22,Orange Line,2834073,128822,410
2025/07/01 04:00:00+00,Weekday,22,Red Line,3122514,141932,411
2025/07/01 04:00:00+00,Weekday,22,Heavy Rail,7093022,322410,412
2025/07/01 04:00:00+00,Weekday,22,Green Line,2799144,127234,413
2025/07/01 04:00:00+00,Weekday,22,Mattapan Line,63055,2866,414
2025/07/01 04:00:00+00,Weekday,22,Light Rail,2862199,130100,415
2025/07/01 04:00:00+00,Weekday,22,Silver Line,696608,31664,416
2025/07/01 04:00:00+00,Weekday,22,Bus,5789137,263143,417
2025/07/01 04:00:00+00,Weekday,22,All Bus,6485744,294807,418
2025/07/01 04:00:00+00,Saturday,4,Blue Line,170317,42579,419
2025/07/01 04:00:00+00,Saturday,4,Orange Line,277603,69401,420
2025/07/01 04:00:00+00,Saturday,4,Red Line,305571,76393,421
2025/07/01 04:00:00+00,Saturday,4,Heavy Rail,753492,188373,422
2025/07/01 04:00:00+00,Saturday,4,Green Line,400752,100188,423
2025/07/01 04:00:00+00,Saturday,4,Mattapan Line,6229,1557,424
2025/07/01 04:00:00+00,Saturday,4,Light Rail,406981,101745,425
2025/07/01 04:00:00+00,Saturday,4,Silver Line,85199,21300,426
2025/07/01 04:00:00+00,Saturday,4,Bus,664557,166139,427
2025/07/01 04:00:00+00,Saturday,4,All Bus,749756,187439,428
2025/07/01 04:00:00+00,Sunday,5,Blue Line,159878,31976,429
2025/07/01 04:00:00+00,Sunday,5,Orange Line,273996,54799,430
2025/07/01 04:00:00+00,Sunday,5,Red Line,309780,61956,431
2025/04/01 04:00:00+00,Total,30,All Bus,7974379,265813,432
2025/07/01 04:00:00+00,Sunday,5,Heavy Rail,743655,148731,433
2025/07/01 04:00:00+00,Sunday,5,Green Line,391579,78316,434
2025/07/01 04:00:00+00,Sunday,5,Mattapan Line,5780,1156,435
2025/07/01 04:00:00+00,Sunday,5,Light Rail,397358,79472,436
2025/07/01 04:00:00+00,Sunday,5,Silver Line,93350,18670,437
2025/07/01 04:00:00+00,Sunday,5,Bus,587169,117434,438
2025/07/01 04:00:00+00,Sunday,5,All Bus,680520,136104,439
2025/04/01 04:00:00+00,Total,30,Commuter Rail,2522858,84095,440
2025/07/01 04:00:00+00,Total,31,Blue Line,1466630,47311,441
2025/10/01 04:00:00+00,Total,31,All Bus,8604252,277557,442
2025/04/01 04:00:00+00,Total,30,Ferry,109343,3645,443
2025/07/01 04:00:00+00,Total,31,Orange Line,3385673,109215,444
2025/10/01 04:00:00+00,Total,31,Commuter Rail,2706289,87300,445
2025/04/01 04:00:00+00,Total,30,The RIDE,107340,3578,446
2025/07/01 04:00:00+00,Total,31,Red Line,3737865,120576,447
2025/10/01 04:00:00+00,Total,31,Ferry,121766,3928,448
2025/03/01 05:00:00+00,Weekday,21,Blue Line,993144,47293,449
2025/07/01 04:00:00+00,Total,31,Heavy Rail,8590168,277102,450
2025/10/01 04:00:00+00,Total,31,The RIDE,111178,3586,451
2025/03/01 05:00:00+00,Weekday,21,Orange Line,2703361,128731,452
2025/07/01 04:00:00+00,Total,31,Green Line,3591475,115854,453
2025/09/01 04:00:00+00,Weekday,21,Blue Line,1099501,52357,454
2025/03/01 05:00:00+00,Weekday,21,Red Line,2731891,130090,455
2025/07/01 04:00:00+00,Total,31,Mattapan Line,75063,2421,456
2025/09/01 04:00:00+00,Weekday,21,Orange Line,2992062,142479,457
2025/03/01 05:00:00+00,Weekday,21,Heavy Rail,6428396,306114,458
2025/07/01 04:00:00+00,Total,31,Light Rail,3666538,118275,459
2025/09/01 04:00:00+00,Weekday,21,Red Line,3260741,155273,460
2025/03/01 05:00:00+00,Weekday,21,Green Line,2766287,131728,461
2025/07/01 04:00:00+00,Total,31,Silver Line,875157,28231,462
2025/09/01 04:00:00+00,Weekday,21,Heavy Rail,7352304,350110,463
2025/03/01 05:00:00+00,Weekday,21,Mattapan Line,17204,819,464
2025/07/01 04:00:00+00,Total,31,Bus,7040863,227125,465
2025/09/01 04:00:00+00,Weekday,21,Green Line,2639466,125689,466
2025/03/01 05:00:00+00,Weekday,21,Light Rail,2783491,132547,467
2025/07/01 04:00:00+00,Total,31,All Bus,7916020,255355,468
2025/09/01 04:00:00+00,Weekday,21,Mattapan Line,68954,3284,469
2025/03/01 05:00:00+00,Weekday,21,Silver Line,614913,29282,470
2025/06/01 04:00:00+00,Weekday,21,Blue Line,788734,37559,471
2025/09/01 04:00:00+00,Weekday,21,Light Rail,2708420,128972,472
2025/03/01 05:00:00+00,Weekday,21,Bus,5753241,273964,473
2025/06/01 04:00:00+00,Weekday,21,Orange Line,2517710,119891,474
2025/09/01 04:00:00+00,Weekday,21,Silver Line,660513,31453,475
2025/03/01 05:00:00+00,Weekday,21,All Bus,6368154,303245,476
2025/09/01 04:00:00+00,Weekday,21,Bus,6144515,292596,477
2025/03/01 05:00:00+00,Weekday,21,Commuter Rail,2105823,100277,478
2025/09/01 04:00:00+00,Weekday,21,All Bus,6805028,324049,479
2025/03/01 05:00:00+00,Weekday,21,Ferry,79464,3784,480
2025/09/01 04:00:00+00,Weekday,21,Commuter Rail,2116817,100801,481
2025/09/01 04:00:00+00,Weekday,21,Ferry,124072,5908,482
2025/09/01 04:00:00+00,Weekday,22,The RIDE,87417,3974,483
2025/09/01 04:00:00+00,Saturday,4,Blue Line,114891,28723,484
2025/09/01 04:00:00+00,Saturday,4,Orange Line,259435,64859,485
2025/09/01 04:00:00+00,Saturday,4,Red Line,388066,97016,486
2025/09/01 04:00:00+00,Saturday,4,Heavy Rail,762392,190598,487
2025/09/01 04:00:00+00,Saturday,4,Green Line,446227,111557,488
2025/09/01 04:00:00+00,Saturday,4,Mattapan Line,7103,1776,489
2025/09/01 04:00:00+00,Saturday,4,Light Rail,453330,113332,490
2025/09/01 04:00:00+00,Saturday,4,Silver Line,95163,23791,491
2025/09/01 04:00:00+00,Saturday,4,Bus,669675,167419,492
2025/09/01 04:00:00+00,Saturday,4,All Bus,764838,191210,493
2025/09/01 04:00:00+00,Saturday,4,Commuter Rail,147563,36891,494
2025/09/01 04:00:00+00,Saturday,4,Ferry,21185,5296,495
2025/09/01 04:00:00+00,Saturday,4,The RIDE,8538,2134,496
2025/09/01 04:00:00+00,Sunday,5,Blue Line,129083,25817,497
2025/09/01 04:00:00+00,Sunday,5,Orange Line,274779,54956,498
2025/09/01 04:00:00+00,Sunday,5,Red Line,401757,80351,499
2025/09/01 04:00:00+00,Sunday,5,Heavy Rail,805618,161124,500
2025/09/01 04:00:00+00,Sunday,5,Green Line,462369,92474,501
2025/09/01 04:00:00+00,Sunday,5,Mattapan Line,6536,1307,502
2025/09/01 04:00:00+00,Sunday,5,Light Rail,468905,93781,503
2025/09/01 04:00:00+00,Sunday,5,Silver Line,95666,19133,504
2025/09/01 04:00:00+00,Sunday,5,Bus,592355,118471,505
2025/09/01 04:00:00+00,Sunday,5,All Bus,688021,137604,506
2025/09/01 04:00:00+00,Sunday,4,Commuter Rail,131896,32974,507
2025/09/01 04:00:00+00,Sunday,4,Ferry,10783,2696,508
2025/09/01 04:00:00+00,Sunday,4,The RIDE,7310,1828,509
2025/09/01 04:00:00+00,Total,30,Blue Line,1343475,44782,510
2025/09/01 04:00:00+00,Total,30,Orange Line,3526275,117542,511
2025/09/01 04:00:00+00,Total,30,Red Line,4050564,135019,512
2025/09/01 04:00:00+00,Total,30,Heavy Rail,8920314,297344,513
2025/09/01 04:00:00+00,Total,30,Green Line,3548062,118269,514
2025/09/01 04:00:00+00,Total,30,Mattapan Line,82594,2753,515
2025/09/01 04:00:00+00,Total,30,Light Rail,3630656,121022,516
2025/03/01 05:00:00+00,Weekday,21,The RIDE,87276,4156,517
2025/03/01 05:00:00+00,Saturday,5,Blue Line,169584,33917,518
2025/03/01 05:00:00+00,Saturday,5,Orange Line,369813,73963,519
2025/03/01 05:00:00+00,Saturday,5,Red Line,417117,83423,520
2025/03/01 05:00:00+00,Saturday,5,Heavy Rail,956513,191303,521
2025/03/01 05:00:00+00,Saturday,5,Green Line,549241,109848,522
2025/03/01 05:00:00+00,Saturday,5,Mattapan Line,2574,515,523
2025/03/01 05:00:00+00,Saturday,5,Light Rail,551815,110363,524
2025/03/01 05:00:00+00,Saturday,5,Silver Line,99871,19974,525
2025/03/01 05:00:00+00,Saturday,5,Bus,774827,154965,526
2025/03/01 05:00:00+00,Saturday,5,All Bus,874698,174940,527
2025/03/01 05:00:00+00,Saturday,5,Commuter Rail,165056,33011,528
2025/03/01 05:00:00+00,Saturday,5,Ferry,2115,423,529
2025/03/01 05:00:00+00,Saturday,5,The RIDE,10650,2130,530
2025/03/01 05:00:00+00,Sunday,5,Blue Line,128084,25617,531
2025/03/01 05:00:00+00,Sunday,5,Orange Line,276411,55282,532
2025/03/01 05:00:00+00,Sunday,5,Red Line,333688,66738,533
2025/03/01 05:00:00+00,Sunday,5,Heavy Rail,738184,147637,534
2025/03/01 05:00:00+00,Sunday,5,Green Line,405096,81019,535
2025/03/01 05:00:00+00,Sunday,5,Mattapan Line,1806,361,536
2025/03/01 05:00:00+00,Sunday,5,Light Rail,406903,81381,537
2025/03/01 05:00:00+00,Sunday,5,Silver Line,86249,17250,538
2025/03/01 05:00:00+00,Sunday,5,Bus,519969,103994,539
2025/03/01 05:00:00+00,Sunday,5,All Bus,606219,121244,540
2025/03/01 05:00:00+00,Sunday,5,Commuter Rail,159394,31879,541
2025/03/01 05:00:00+00,Sunday,5,Ferry,1546,309,542
2025/03/01 05:00:00+00,Sunday,5,The RIDE,9245,1849,543
2025/03/01 05:00:00+00,Total,31,Blue Line,1290812,41639,544
2025/03/01 05:00:00+00,Total,31,Orange Line,3349585,108051,545
2025/03/01 05:00:00+00,Total,31,Red Line,3482696,112345,546
2025/03/01 05:00:00+00,Total,31,Heavy Rail,8123093,262035,547
2025/03/01 05:00:00+00,Total,31,Green Line,3720625,120020,548
2025/03/01 05:00:00+00,Total,31,Mattapan Line,21584,696,549
2025/03/01 05:00:00+00,Total,31,Light Rail,3742208,120716,550
2025/06/01 04:00:00+00,Weekday,21,Red Line,3046098,145052,551
2025/06/01 04:00:00+00,Weekday,21,Heavy Rail,6352542,302502,552
2025/06/01 04:00:00+00,Weekday,21,Green Line,2558483,121833,553
2025/06/01 04:00:00+00,Weekday,21,Mattapan Line,63673,3032,554
2025/06/01 04:00:00+00,Weekday,21,Light Rail,2622156,124865,555
2025/06/01 04:00:00+00,Weekday,21,Silver Line,676598,32219,556
2025/06/01 04:00:00+00,Weekday,21,Bus,5606075,266956,557
2025/06/01 04:00:00+00,Weekday,21,All Bus,6282673,299175,558
2025/06/01 04:00:00+00,Weekday,20,Commuter Rail,2038789,101939,559
2025/06/01 04:00:00+00,Weekday,20,Ferry,156021,7801,560
2025/06/01 04:00:00+00,Weekday,21,The RIDE,84693,4033,561
2025/06/01 04:00:00+00,Saturday,4,Blue Line,86239,21560,562
2025/06/01 04:00:00+00,Saturday,4,Orange Line,268610,67152,563
2025/06/01 04:00:00+00,Saturday,4,Red Line,371596,92899,564
2025/06/01 04:00:00+00,Saturday,4,Heavy Rail,726446,181612,565
2025/06/01 04:00:00+00,Saturday,4,Green Line,387872,96968,566
2025/06/01 04:00:00+00,Saturday,4,Mattapan Line,7055,1764,567
2025/06/01 04:00:00+00,Saturday,4,Light Rail,394927,98732,568
2025/06/01 04:00:00+00,Saturday,4,Silver Line,83647,20912,569
2025/06/01 04:00:00+00,Saturday,4,Bus,619146,154786,570
2025/06/01 04:00:00+00,Saturday,4,All Bus,702794,175698,571
2025/06/01 04:00:00+00,Saturday,4,Commuter Rail,135770,33942,572
2025/06/01 04:00:00+00,Saturday,4,Ferry,17205,4301,573
2025/06/01 04:00:00+00,Saturday,4,The RIDE,8620,2155,574
2025/06/01 04:00:00+00,Sunday,5,Blue Line,99943,19989,575
2025/06/01 04:00:00+00,Sunday,5,Orange Line,244291,48858,576
2025/06/01 04:00:00+00,Sunday,5,Red Line,370849,74170,577
2025/06/01 04:00:00+00,Sunday,5,Heavy Rail,715084,143017,578
2025/06/01 04:00:00+00,Sunday,5,Green Line,384175,76835,579
2025/06/01 04:00:00+00,Sunday,5,Mattapan Line,6979,1396,580
2025/06/01 04:00:00+00,Sunday,5,Light Rail,391154,78231,581
2025/06/01 04:00:00+00,Sunday,5,Silver Line,97924,19585,582
2025/06/01 04:00:00+00,Sunday,5,Bus,582634,116527,583
2025/06/01 04:00:00+00,Sunday,5,All Bus,680558,136112,584
2025/06/01 04:00:00+00,Sunday,5,Commuter Rail,162604,32521,585
2025/06/01 04:00:00+00,Sunday,5,Ferry,22789,4558,586
2025/06/01 04:00:00+00,Sunday,5,The RIDE,10025,2005,587
2025/06/01 04:00:00+00,Total,30,Blue Line,974916,32497,588
2025/06/01 04:00:00+00,Total,30,Orange Line,3030611,101020,589
2025/06/01 04:00:00+00,Total,30,Red Line,3788543,126285,590
2025/06/01 04:00:00+00,Total,30,Heavy Rail,7794071,259802,591
2025/06/01 04:00:00+00,Total,30,Green Line,3330530,111018,592
2025/06/01 04:00:00+00,Total,30,Mattapan Line,77707,2590,593
2025/06/01 04:00:00+00,Total,30,Light Rail,3408237,113608,594
2025/06/01 04:00:00+00,Total,30,Silver Line,858170,28606,595
2025/06/01 04:00:00+00,Total,30,Bus,6807856,226929,596
2025/06/01 04:00:00+00,Total,30,All Bus,7666026,255534,597
2025/06/01 04:00:00+00,Total,30,Commuter Rail,2424304,80810,598
2025/06/01 04:00:00+00,Total,30,Ferry,201521,6717,599
2025/06/01 04:00:00+00,Total,30,The RIDE,103354,3445,600
2025/05/01 04:00:00+00,Total,31,Ferry,119743,3863,601
2025/05/01 04:00:00+00,Total,31,The RIDE,108022,3485,602
2025/04/01 04:00:00+00,Weekday,22,Blue Line,1097776,49899,603
2025/04/01 04:00:00+00,Weekday,22,Orange Line,2927914,133087,604
2025/04/01 04:00:00+00,Weekday,22,Red Line,3011303,136877,605
2025/04/01 04:00:00+00,Weekday,22,Heavy Rail,7036993,319863,606
2025/04/01 04:00:00+00,Weekday,22,Green Line,3142464,142839,607
2025/04/01 04:00:00+00,Weekday,22,Mattapan Line,82,4,608
2025/04/01 04:00:00+00,Weekday,22,Light Rail,3142546,142843,609
2025/04/01 04:00:00+00,Weekday,22,Silver Line,669824,30447,610
2025/04/01 04:00:00+00,Weekday,22,Bus,6090801,276855,611
2025/04/01 04:00:00+00,Weekday,22,All Bus,6760626,307301,612
2025/04/01 04:00:00+00,Weekday,21,Commuter Rail,2159152,102817,613
2025/04/01 04:00:00+00,Weekday,21,Ferry,100735,4797,614
2025/04/01 04:00:00+00,Weekday,22,The RIDE,90816,4128,615
2025/04/01 04:00:00+00,Saturday,4,Blue Line,145884,36471,616
2025/04/01 04:00:00+00,Saturday,4,Orange Line,361289,90322,617
2025/04/01 04:00:00+00,Saturday,4,Red Line,392089,98022,618
2025/04/01 04:00:00+00,Saturday,4,Heavy Rail,899262,224816,619
2025/04/01 04:00:00+00,Saturday,4,Green Line,505317,126329,620
2025/04/01 04:00:00+00,Saturday,4,Mattapan Line,6,2,621
2025/04/01 04:00:00+00,Saturday,4,Light Rail,505323,126331,622
2025/04/01 04:00:00+00,Saturday,4,Silver Line,82657,20664,623
2025/04/01 04:00:00+00,Saturday,4,Bus,625605,156401,624
2025/04/01 04:00:00+00,Saturday,4,All Bus,708262,177066,625
2025/04/01 04:00:00+00,Saturday,4,Commuter Rail,142285,35571,626
2025/04/01 04:00:00+00,Saturday,4,Ferry,2766,692,627
2025/04/01 04:00:00+00,Saturday,4,The RIDE,8352,2088,628
2025/04/01 04:00:00+00,Sunday,4,Blue Line,114310,28578,629
2025/04/01 04:00:00+00,Sunday,4,Orange Line,267408,66852,630
2025/04/01 04:00:00+00,Sunday,4,Red Line,284058,71014,631
2025/04/01 04:00:00+00,Sunday,4,Heavy Rail,665776,166444,632
2025/04/01 04:00:00+00,Sunday,4,Green Line,384973,96243,633
2025/04/01 04:00:00+00,Sunday,4,Mattapan Line,1,0,634
2025/04/01 04:00:00+00,Sunday,4,Light Rail,384975,96244,635
2025/04/01 04:00:00+00,Sunday,4,Silver Line,69789,17447,636
2025/04/01 04:00:00+00,Sunday,4,Bus,435702,108926,637
2025/04/01 04:00:00+00,Sunday,4,All Bus,505491,126373,638
2025/04/01 04:00:00+00,Sunday,4,Commuter Rail,127647,31912,639
2025/04/01 04:00:00+00,Sunday,4,Ferry,1932,483,640
2025/04/01 04:00:00+00,Sunday,4,The RIDE,8148,2037,641
2025/04/01 04:00:00+00,Total,30,Blue Line,1357970,45266,642
2025/04/01 04:00:00+00,Total,30,Orange Line,3556612,118554,643
2025/04/01 04:00:00+00,Total,30,Red Line,3687450,122915,644
2025/04/01 04:00:00+00,Total,30,Heavy Rail,8602032,286734,645
2025/04/01 04:00:00+00,Total,30,Green Line,4032754,134425,646
2025/04/01 04:00:00+00,Total,30,Mattapan Line,89,3,647
2025/04/01 04:00:00+00,Total,30,Light Rail,4032843,134428,648
2025/04/01 04:00:00+00,Total,30,Silver Line,822270,27409,649
2025/04/01 04:00:00+00,Total,30,Bus,7152109,238404,650
2025/09/01 04:00:00+00,Total,30,Silver Line,851342,28378,651
2025/09/01 04:00:00+00,Total,30,Bus,7406545,246885,652
2025/09/01 04:00:00+00,Total,30,All Bus,8257887,275263,653
2025/09/01 04:00:00+00,Total,30,Commuter Rail,2433393,81113,654
2025/09/01 04:00:00+00,Total,30,Ferry,160148,5338,655
2025/09/01 04:00:00+00,Total,30,The RIDE,103265,3442,656
2025/08/01 04:00:00+00,Weekday,21,Blue Line,1005595,47885,657
2025/08/01 04:00:00+00,Weekday,21,Orange Line,2662369,126779,658
2025/08/01 04:00:00+00,Weekday,21,Red Line,3021821,143896,659
2025/08/01 04:00:00+00,Weekday,21,Heavy Rail,6689785,318561,660
2025/08/01 04:00:00+00,Weekday,21,Green Line,2573175,122532,661
2025/08/01 04:00:00+00,Weekday,21,Mattapan Line,58250,2774,662
2025/08/01 04:00:00+00,Weekday,21,Light Rail,2631425,125306,663
2025/08/01 04:00:00+00,Weekday,21,Silver Line,662230,31535,664
2025/08/01 04:00:00+00,Weekday,21,Bus,5385739,256464,665
2025/08/01 04:00:00+00,Weekday,21,All Bus,6047969,287999,666
2025/08/01 04:00:00+00,Weekday,21,Commuter Rail,2061687,98176,667
2025/08/01 04:00:00+00,Weekday,21,Ferry,145033,6906,668
2025/08/01 04:00:00+00,Weekday,21,The RIDE,82803,3943,669
2025/08/01 04:00:00+00,Saturday,5,Blue Line,181009,36202,670
2025/08/01 04:00:00+00,Saturday,5,Orange Line,315531,63106,671
2025/08/01 04:00:00+00,Saturday,5,Red Line,499778,99956,672
2025/08/01 04:00:00+00,Saturday,5,Heavy Rail,996317,199263,673
2025/08/01 04:00:00+00,Saturday,5,Green Line,516579,103316,674
2025/08/01 04:00:00+00,Saturday,5,Mattapan Line,8725,1745,675
2025/08/01 04:00:00+00,Saturday,5,Light Rail,525305,105061,676
2025/08/01 04:00:00+00,Saturday,5,Silver Line,117596,23519,677
2025/08/01 04:00:00+00,Saturday,5,Bus,824982,164996,678
2025/08/01 04:00:00+00,Saturday,5,All Bus,942578,188516,679
2025/08/01 04:00:00+00,Saturday,5,Commuter Rail,176342,35268,680
2025/08/01 04:00:00+00,Saturday,5,Ferry,34126,6825,681
2025/08/01 04:00:00+00,Saturday,5,The RIDE,10790,2158,682
2025/08/01 04:00:00+00,Sunday,5,Blue Line,144170,28834,683
2025/08/01 04:00:00+00,Sunday,5,Orange Line,245579,49116,684
2025/08/01 04:00:00+00,Sunday,5,Red Line,399218,79844,685
2025/08/01 04:00:00+00,Sunday,5,Heavy Rail,788967,157793,686
2025/08/01 04:00:00+00,Sunday,5,Green Line,418284,83657,687
2025/08/01 04:00:00+00,Sunday,5,Mattapan Line,6721,1344,688
2025/08/01 04:00:00+00,Sunday,5,Light Rail,425005,85001,689
2025/08/01 04:00:00+00,Sunday,5,Silver Line,106814,21363,690
2025/08/01 04:00:00+00,Sunday,5,Bus,600251,120050,691
2025/08/01 04:00:00+00,Sunday,5,All Bus,707065,141413,692
2025/08/01 04:00:00+00,Sunday,5,Commuter Rail,168189,33638,693
2025/08/01 04:00:00+00,Sunday,5,Ferry,26773,5355,694
2025/08/01 04:00:00+00,Sunday,5,The RIDE,9760,1952,695
2025/08/01 04:00:00+00,Total,31,Blue Line,1330773,42928,696
2025/08/01 04:00:00+00,Total,31,Orange Line,3223479,103983,697
2025/08/01 04:00:00+00,Total,31,Red Line,3920817,126478,698
2025/08/01 04:00:00+00,Total,31,Heavy Rail,8475070,273389,699
2025/08/01 04:00:00+00,Total,31,Green Line,3508039,113163,700
2025/03/01 05:00:00+00,Total,31,Silver Line,801033,25840,701
2025/03/01 05:00:00+00,Total,31,Bus,7048038,227356,702
2025/03/01 05:00:00+00,Total,31,All Bus,7849071,253196,703
2025/03/01 05:00:00+00,Total,31,Commuter Rail,2430273,78396,704
2025/03/01 05:00:00+00,Total,31,Ferry,83125,2681,705
2025/03/01 05:00:00+00,Total,31,The RIDE,107192,3458,706
2025/02/01 05:00:00+00,Weekday,19,Blue Line,902833,47518,707
2025/02/01 05:00:00+00,Weekday,19,Orange Line,2394125,126007,708
2025/02/01 05:00:00+00,Weekday,19,Red Line,2625044,138160,709
2025/02/01 05:00:00+00,Weekday,19,Heavy Rail,5922001,311684,710
2025/02/01 05:00:00+00,Weekday,19,Green Line,2525849,132939,711
2025/02/01 05:00:00+00,Weekday,19,Mattapan Line,51196,2695,712
2025/02/01 05:00:00+00,Weekday,19,Light Rail,2577045,135634,713
2025/02/01 05:00:00+00,Weekday,19,Silver Line,576016,30317,714
2025/02/01 05:00:00+00,Weekday,19,Bus,5285894,278205,715
2025/02/01 05:00:00+00,Weekday,19,All Bus,5861910,308522,716
2025/02/01 05:00:00+00,Weekday,19,Commuter Rail,1861409,97969,717
2025/02/01 05:00:00+00,Weekday,19,Ferry,62403,3284,718
2025/02/01 05:00:00+00,Weekday,20,The RIDE,77200,3860,719
2025/02/01 05:00:00+00,Saturday,5,Blue Line,159563,31913,720
2025/02/01 05:00:00+00,Saturday,5,Orange Line,360341,72068,721
2025/02/01 05:00:00+00,Saturday,5,Red Line,403671,80734,722
2025/02/01 05:00:00+00,Saturday,5,Heavy Rail,923576,184715,723
2025/02/01 05:00:00+00,Saturday,5,Green Line,463136,92627,724
2025/02/01 05:00:00+00,Saturday,5,Mattapan Line,7261,1452,725
2025/02/01 05:00:00+00,Saturday,5,Light Rail,470397,94079,726
2025/02/01 05:00:00+00,Saturday,5,Silver Line,95056,19011,727
2025/02/01 05:00:00+00,Saturday,5,Bus,772617,154523,728
2025/02/01 05:00:00+00,Saturday,5,All Bus,867673,173535,729
2025/02/01 05:00:00+00,Saturday,4,Commuter Rail,125712,31428,730
2025/02/01 05:00:00+00,Saturday,4,Ferry,811,203,731
2025/02/01 05:00:00+00,Saturday,4,The RIDE,7768,1942,732
2025/02/01 05:00:00+00,Sunday,4,Blue Line,89038,22260,733
2025/02/01 05:00:00+00,Sunday,4,Orange Line,196729,49182,734
2025/02/01 05:00:00+00,Sunday,4,Red Line,225325,56331,735
2025/02/01 05:00:00+00,Sunday,4,Heavy Rail,511093,127773,736
2025/02/01 05:00:00+00,Sunday,4,Green Line,245149,61287,737
2025/02/01 05:00:00+00,Sunday,4,Mattapan Line,3703,926,738
2025/02/01 05:00:00+00,Sunday,4,Light Rail,248852,62213,739
2025/02/01 05:00:00+00,Sunday,4,Silver Line,64224,16056,740
2025/02/01 05:00:00+00,Sunday,4,Bus,407191,101798,741
2025/02/01 05:00:00+00,Sunday,4,All Bus,471415,117854,742
2025/02/01 05:00:00+00,Sunday,4,Commuter Rail,101325,25331,743
2025/02/01 05:00:00+00,Sunday,4,Ferry,442,110,744
2025/02/01 05:00:00+00,Sunday,4,The RIDE,5044,1261,745
2025/02/01 05:00:00+00,Total,28,Blue Line,1151434,41123,746
2025/02/01 05:00:00+00,Total,28,Orange Line,2951196,105400,747
2025/02/01 05:00:00+00,Total,28,Red Line,3254041,116216,748
2025/02/01 05:00:00+00,Total,28,Heavy Rail,7356670,262738,749
2025/02/01 05:00:00+00,Total,28,Green Line,3234134,115505,750
2025/05/01 04:00:00+00,Weekday,21,Blue Line,1047734,49892,751
2025/05/01 04:00:00+00,Weekday,21,Orange Line,2496139,118864,752
2025/05/01 04:00:00+00,Weekday,21,Red Line,3082936,146806,753
2025/05/01 04:00:00+00,Weekday,21,Heavy Rail,6626809,315562,754
2025/05/01 04:00:00+00,Weekday,21,Green Line,2820709,134319,755
2025/05/01 04:00:00+00,Weekday,21,Mattapan Line,57093,2719,756
2025/05/01 04:00:00+00,Weekday,21,Light Rail,2877802,137038,757
2025/05/01 04:00:00+00,Weekday,21,Silver Line,672420,32020,758
2025/05/01 04:00:00+00,Weekday,21,Bus,5831329,277682,759
2025/05/01 04:00:00+00,Weekday,21,All Bus,6503749,309702,760
2025/05/01 04:00:00+00,Weekday,21,Commuter Rail,2182010,103905,761
2025/05/01 04:00:00+00,Weekday,21,Ferry,101108,4815,762
2025/05/01 04:00:00+00,Weekday,22,The RIDE,89496,4068,763
2025/05/01 04:00:00+00,Saturday,5,Blue Line,185218,37044,764
2025/05/01 04:00:00+00,Saturday,5,Orange Line,352754,70551,765
2025/05/01 04:00:00+00,Saturday,5,Red Line,486354,97271,766
2025/05/01 04:00:00+00,Saturday,5,Heavy Rail,1024326,204865,767
2025/05/01 04:00:00+00,Saturday,5,Green Line,570250,114050,768
2025/05/01 04:00:00+00,Saturday,5,Mattapan Line,7799,1560,769
2025/05/01 04:00:00+00,Saturday,5,Light Rail,578049,115610,770
2025/05/01 04:00:00+00,Saturday,5,Silver Line,105933,21187,771
2025/05/01 04:00:00+00,Saturday,5,Bus,794167,158833,772
2025/05/01 04:00:00+00,Saturday,5,All Bus,900100,180020,773
2025/05/01 04:00:00+00,Saturday,5,Commuter Rail,171379,34276,774
2025/05/01 04:00:00+00,Saturday,5,Ferry,10502,2100,775
2025/05/01 04:00:00+00,Saturday,5,The RIDE,10415,2083,776
2025/05/01 04:00:00+00,Sunday,5,Blue Line,156433,31287,777
2025/05/01 04:00:00+00,Sunday,5,Orange Line,313620,62724,778
2025/05/01 04:00:00+00,Sunday,5,Red Line,404990,80998,779
2025/05/01 04:00:00+00,Sunday,5,Heavy Rail,875042,175008,780
2025/05/01 04:00:00+00,Sunday,5,Green Line,463475,92695,781
2025/05/01 04:00:00+00,Sunday,5,Mattapan Line,6141,1228,782
2025/05/01 04:00:00+00,Sunday,5,Light Rail,469617,93923,783
2025/05/01 04:00:00+00,Sunday,5,Silver Line,96925,19385,784
2025/05/01 04:00:00+00,Sunday,5,Bus,588487,117697,785
2025/05/01 04:00:00+00,Sunday,5,All Bus,685412,137082,786
2025/05/01 04:00:00+00,Sunday,4,Commuter Rail,136019,34005,787
2025/05/01 04:00:00+00,Sunday,4,Ferry,8133,2033,788
2025/05/01 04:00:00+00,Sunday,4,The RIDE,8092,2023,789
2025/05/01 04:00:00+00,Total,31,Blue Line,1389385,44819,790
2025/05/01 04:00:00+00,Total,31,Orange Line,3162513,102017,791
2025/05/01 04:00:00+00,Total,31,Red Line,3974280,128203,792
2025/05/01 04:00:00+00,Total,31,Heavy Rail,8526178,275038,793
2025/05/01 04:00:00+00,Total,31,Green Line,3854434,124337,794
2025/05/01 04:00:00+00,Total,31,Mattapan Line,71033,2291,795
2025/05/01 04:00:00+00,Total,31,Light Rail,3925468,126628,796
2025/05/01 04:00:00+00,Total,31,Silver Line,875279,28235,797
2025/05/01 04:00:00+00,Total,31,Bus,7213983,232709,798
2025/05/01 04:00:00+00,Total,31,All Bus,8089261,260944,799
2025/05/01 04:00:00+00,Total,31,Commuter Rail,2523747,81411,800
2025/02/01 05:00:00+00,Total,28,Mattapan Line,62160,2220,801
2025/02/01 05:00:00+00,Total,28,Light Rail,3296294,117725,802
2025/02/01 05:00:00+00,Total,28,Silver Line,735296,26261,803
2025/02/01 05:00:00+00,Total,28,Bus,6465702,230918,804
2025/02/01 05:00:00+00,Total,28,All Bus,7200997,257178,805
2025/02/01 05:00:00+00,Total,28,Commuter Rail,2119364,75692,806
2025/02/01 05:00:00+00,Total,28,Ferry,64372,2299,807
2025/02/01 05:00:00+00,Total,28,The RIDE,90025,3215,808
2025/01/01 05:00:00+00,Weekday,21,Blue Line,958720,45653,809
2025/01/01 05:00:00+00,Weekday,21,Orange Line,2468309,117539,810
2025/01/01 05:00:00+00,Weekday,21,Red Line,2673631,127316,811
2025/01/01 05:00:00+00,Weekday,21,Heavy Rail,6100660,290508,812
2025/01/01 05:00:00+00,Weekday,21,Green Line,2640514,125739,813
2025/01/01 05:00:00+00,Weekday,21,Mattapan Line,57183,2723,814
2025/01/01 05:00:00+00,Weekday,21,Light Rail,2697697,128462,815
2025/01/01 05:00:00+00,Weekday,21,Silver Line,619145,29483,816
2025/01/01 05:00:00+00,Weekday,21,Bus,5616363,267446,817
2025/01/01 05:00:00+00,Weekday,21,All Bus,6235508,296929,818
2025/01/01 05:00:00+00,Weekday,21,Commuter Rail,2042561,97265,819
2025/01/01 05:00:00+00,Weekday,21,Ferry,70607,3362,820
2025/01/01 05:00:00+00,Weekday,23,The RIDE,84410,3670,821
2025/01/01 05:00:00+00,Saturday,5,Blue Line,152827,30565,822
2025/01/01 05:00:00+00,Saturday,5,Orange Line,323435,64687,823
2025/01/01 05:00:00+00,Saturday,5,Red Line,363612,72722,824
2025/01/01 05:00:00+00,Saturday,5,Heavy Rail,839874,167975,825
2025/01/01 05:00:00+00,Saturday,5,Green Line,465519,93104,826
2025/01/01 05:00:00+00,Saturday,5,Mattapan Line,7016,1403,827
2025/01/01 05:00:00+00,Saturday,5,Light Rail,472535,94507,828
2025/01/01 05:00:00+00,Saturday,5,Silver Line,91941,18388,829
2025/01/01 05:00:00+00,Saturday,5,Bus,713980,142796,830
2025/01/01 05:00:00+00,Saturday,5,All Bus,805921,161184,831
2025/01/01 05:00:00+00,Saturday,4,Commuter Rail,119533,29883,832
2025/01/01 05:00:00+00,Saturday,4,Ferry,828,207,833
2025/01/01 05:00:00+00,Saturday,4,The RIDE,7560,1890,834
2025/01/01 05:00:00+00,Sunday,5,Blue Line,120359,24072,835
2025/01/01 05:00:00+00,Sunday,5,Orange Line,246324,49265,836
2025/01/01 05:00:00+00,Sunday,5,Red Line,281643,56329,837
2025/01/01 05:00:00+00,Sunday,5,Heavy Rail,648326,129665,838
2025/01/01 05:00:00+00,Sunday,5,Green Line,349148,69830,839
2025/01/01 05:00:00+00,Sunday,5,Mattapan Line,4870,974,840
2025/01/01 05:00:00+00,Sunday,5,Light Rail,354018,70804,841
2025/01/01 05:00:00+00,Sunday,5,Silver Line,78843,15769,842
2025/01/01 05:00:00+00,Sunday,5,Bus,501077,100215,843
2025/01/01 05:00:00+00,Sunday,5,All Bus,579920,115984,844
2025/01/01 05:00:00+00,Sunday,4,Commuter Rail,105658,26414,845
2025/01/01 05:00:00+00,Sunday,4,Ferry,706,176,846
2025/01/01 05:00:00+00,Sunday,4,The RIDE,6900,1725,847
2025/01/01 05:00:00+00,Total,31,Blue Line,1231906,39739,848
2025/01/01 05:00:00+00,Total,31,Orange Line,3038068,98002,849
2025/01/01 05:00:00+00,Total,31,Red Line,3318886,107061,850
2024/12/01 05:00:00+00,Total,31,Orange Line,2996121,96649,851
2024/12/01 05:00:00+00,Total,31,Red Line,3204562,103373,852
2024/12/01 05:00:00+00,Total,31,Heavy Rail,7437293,239913,853
2024/12/01 05:00:00+00,Total,31,Green Line,3210331,103559,854
2024/12/01 05:00:00+00,Total,31,Mattapan Line,63412,2046,855
2024/12/01 05:00:00+00,Total,31,Light Rail,3273743,105605,856
2024/12/01 05:00:00+00,Total,31,Silver Line,825524,26630,857
2024/12/01 05:00:00+00,Total,31,Bus,6378763,205767,858
2024/12/01 05:00:00+00,Total,31,All Bus,7204287,232396,859
2024/12/01 05:00:00+00,Total,31,Commuter Rail,2235957,72128,860
2024/12/01 05:00:00+00,Total,31,Ferry,69754,2250,861
2024/12/01 05:00:00+00,Total,31,The RIDE,98387,3174,862
2024/11/01 04:00:00+00,Weekday,20,Blue Line,1026832,51342,863
2024/11/01 04:00:00+00,Weekday,20,Orange Line,2237525,111876,864
2024/11/01 04:00:00+00,Weekday,20,Red Line,2126691,106335,865
2024/11/01 04:00:00+00,Weekday,20,Heavy Rail,5391048,269552,866
2024/11/01 04:00:00+00,Weekday,20,Green Line,2781810,139090,867
2024/11/01 04:00:00+00,Weekday,20,Mattapan Line,57052,2853,868
2024/11/01 04:00:00+00,Weekday,20,Light Rail,2838862,141943,869
2024/11/01 04:00:00+00,Weekday,20,Silver Line,601656,30083,870
2024/11/01 04:00:00+00,Weekday,20,Bus,5569521,278476,871
2024/11/01 04:00:00+00,Weekday,20,All Bus,6171177,308559,872
2024/11/01 04:00:00+00,Weekday,19,Commuter Rail,1962778,103304,873
2024/11/01 04:00:00+00,Weekday,19,Ferry,82699,4353,874
2024/11/01 04:00:00+00,Weekday,21,The RIDE,82572,3932,875
2024/11/01 04:00:00+00,Saturday,5,Blue Line,191452,38290,876
2024/11/01 04:00:00+00,Saturday,5,Orange Line,394355,78871,877
2024/11/01 04:00:00+00,Saturday,5,Red Line,377059,75412,878
2024/11/01 04:00:00+00,Saturday,5,Heavy Rail,962866,192573,879
2024/11/01 04:00:00+00,Saturday,5,Green Line,556280,111256,880
2024/11/01 04:00:00+00,Saturday,5,Mattapan Line,5978,1196,881
2024/11/01 04:00:00+00,Saturday,5,Light Rail,562258,112452,882
2024/11/01 04:00:00+00,Saturday,5,Silver Line,104832,20966,883
2024/11/01 04:00:00+00,Saturday,5,Bus,786295,157259,884
2024/11/01 04:00:00+00,Saturday,5,All Bus,891128,178226,885
2024/11/01 04:00:00+00,Saturday,5,Commuter Rail,195480,39096,886
2024/11/01 04:00:00+00,Saturday,5,Ferry,3050,610,887
2024/11/01 04:00:00+00,Saturday,5,The RIDE,10175,2035,888
2024/11/01 04:00:00+00,Sunday,5,Blue Line,138343,27669,889
2024/11/01 04:00:00+00,Sunday,5,Orange Line,270685,54137,890
2024/11/01 04:00:00+00,Sunday,5,Red Line,258194,51639,891
2024/11/01 04:00:00+00,Sunday,5,Heavy Rail,667222,133444,892
2024/11/01 04:00:00+00,Sunday,5,Green Line,394474,78895,893
2024/11/01 04:00:00+00,Sunday,5,Mattapan Line,3751,750,894
2024/11/01 04:00:00+00,Sunday,5,Light Rail,398225,79645,895
2024/11/01 04:00:00+00,Sunday,5,Silver Line,81224,16245,896
2024/11/01 04:00:00+00,Sunday,5,Bus,503833,100767,897
2024/11/01 04:00:00+00,Sunday,5,All Bus,585057,117011,898
2024/11/01 04:00:00+00,Sunday,4,Commuter Rail,102994,25748,899
2024/11/01 04:00:00+00,Sunday,4,Ferry,2494,624,900
2024/10/01 04:00:00+00,Sunday,4,Commuter Rail,155985,38996,901
2024/10/01 04:00:00+00,Sunday,4,Ferry,5329,1332,902
2024/10/01 04:00:00+00,Sunday,4,The RIDE,7696,1924,903
2024/10/01 04:00:00+00,Total,31,Blue Line,1564640,50472,904
2024/10/01 04:00:00+00,Total,31,Orange Line,3046881,98286,905
2024/10/01 04:00:00+00,Total,31,Red Line,4016827,129575,906
2024/10/01 04:00:00+00,Total,31,Heavy Rail,8628347,278334,907
2024/10/01 04:00:00+00,Total,31,Green Line,4479408,144497,908
2024/10/01 04:00:00+00,Total,31,Mattapan Line,97088,3132,909
2024/10/01 04:00:00+00,Total,31,Light Rail,4576496,147629,910
2024/10/01 04:00:00+00,Total,31,Silver Line,950838,30672,911
2024/10/01 04:00:00+00,Total,31,Bus,7880863,254221,912
2024/10/01 04:00:00+00,Total,31,All Bus,8831701,284894,913
2024/10/01 04:00:00+00,Total,31,Commuter Rail,2892062,93292,914
2024/10/01 04:00:00+00,Total,31,Ferry,135036,4356,915
2024/10/01 04:00:00+00,Total,31,The RIDE,109565,3534,916
2024/09/01 04:00:00+00,Weekday,20,Blue Line,1112301,55615,917
2024/09/01 04:00:00+00,Weekday,20,Orange Line,2564628,128231,918
2024/09/01 04:00:00+00,Weekday,20,Red Line,2489391,124470,919
2024/09/01 04:00:00+00,Weekday,20,Heavy Rail,6166320,308316,920
2024/09/01 04:00:00+00,Weekday,20,Green Line,3030050,151502,921
2024/09/01 04:00:00+00,Weekday,20,Mattapan Line,106446,5322,922
2024/09/01 04:00:00+00,Weekday,20,Light Rail,3136496,156825,923
2024/09/01 04:00:00+00,Weekday,20,Silver Line,645919,32296,924
2024/09/01 04:00:00+00,Weekday,20,Bus,5987489,299374,925
2024/09/01 04:00:00+00,Weekday,20,All Bus,6633407,331670,926
2024/09/01 04:00:00+00,Weekday,20,Commuter Rail,2268778,113439,927
2024/09/01 04:00:00+00,Weekday,20,Ferry,112138,5607,928
2024/09/01 04:00:00+00,Weekday,20,The RIDE,81564,4078,929
2024/09/01 04:00:00+00,Saturday,4,Blue Line,168683,42171,930
2024/09/01 04:00:00+00,Saturday,4,Orange Line,336034,84008,931
2024/09/01 04:00:00+00,Saturday,4,Red Line,315375,78844,932
2024/09/01 04:00:00+00,Saturday,4,Heavy Rail,820092,205023,933
2024/09/01 04:00:00+00,Saturday,4,Green Line,515757,128939,934
2024/09/01 04:00:00+00,Saturday,4,Mattapan Line,9719,2430,935
2024/09/01 04:00:00+00,Saturday,4,Light Rail,525476,131369,936
2024/09/01 04:00:00+00,Saturday,4,Silver Line,84298,21074,937
2024/09/01 04:00:00+00,Saturday,4,Bus,660252,165063,938
2024/09/01 04:00:00+00,Saturday,4,All Bus,744550,186138,939
2024/09/01 04:00:00+00,Saturday,4,Commuter Rail,155652,38913,940
2024/09/01 04:00:00+00,Saturday,4,Ferry,12107,3027,941
2024/09/01 04:00:00+00,Saturday,4,The RIDE,8096,2024,942
2024/09/01 04:00:00+00,Sunday,6,Blue Line,206749,34458,943
2024/09/01 04:00:00+00,Sunday,6,Orange Line,377916,62986,944
2024/09/01 04:00:00+00,Sunday,6,Red Line,390969,65162,945
2024/09/01 04:00:00+00,Sunday,6,Heavy Rail,975633,162606,946
2024/09/01 04:00:00+00,Sunday,6,Green Line,598688,99781,947
2024/09/01 04:00:00+00,Sunday,6,Mattapan Line,11784,1964,948
2024/09/01 04:00:00+00,Sunday,6,Light Rail,610472,101745,949
2024/09/01 04:00:00+00,Sunday,6,Silver Line,109804,18301,950
2024/08/01 04:00:00+00,Sunday,4,Light Rail,317586,79396,951
2024/08/01 04:00:00+00,Sunday,4,Silver Line,75657,18914,952
2024/08/01 04:00:00+00,Sunday,4,Bus,454910,113728,953
2024/08/01 04:00:00+00,Sunday,4,All Bus,530567,132642,954
2024/08/01 04:00:00+00,Sunday,4,Commuter Rail,113568,28392,955
2024/08/01 04:00:00+00,Sunday,4,Ferry,16354,4088,956
2024/08/01 04:00:00+00,Sunday,4,The RIDE,6908,1727,957
2024/08/01 04:00:00+00,Total,31,Blue Line,1307726,42185,958
2024/08/01 04:00:00+00,Total,31,Orange Line,2782792,89767,959
2024/08/01 04:00:00+00,Total,31,Red Line,2965871,95673,960
2024/08/01 04:00:00+00,Total,31,Heavy Rail,7056390,227625,961
2024/08/01 04:00:00+00,Total,31,Green Line,3539345,114172,962
2024/08/01 04:00:00+00,Total,31,Mattapan Line,71424,2304,963
2024/08/01 04:00:00+00,Total,31,Light Rail,3610769,116476,964
2024/08/01 04:00:00+00,Total,31,Silver Line,870265,28073,965
2024/08/01 04:00:00+00,Total,31,Bus,7028462,226725,966
2024/08/01 04:00:00+00,Total,31,All Bus,7898727,254798,967
2024/08/01 04:00:00+00,Total,31,Commuter Rail,2634106,84971,968
2024/08/01 04:00:00+00,Total,31,Ferry,185238,5975,969
2024/08/01 04:00:00+00,Total,31,The RIDE,97461,3144,970
2024/07/01 04:00:00+00,Weekday,22,Blue Line,1189664,54076,971
2024/07/01 04:00:00+00,Weekday,22,Orange Line,2354729,107033,972
2024/07/01 04:00:00+00,Weekday,22,Red Line,2168085,98549,973
2024/07/01 04:00:00+00,Weekday,22,Heavy Rail,5712478,259658,974
2024/07/01 04:00:00+00,Weekday,22,Green Line,2261678,102804,975
2024/07/01 04:00:00+00,Weekday,22,Mattapan Line,65958,2998,976
2024/07/01 04:00:00+00,Weekday,22,Light Rail,2327635,105802,977
2024/07/01 04:00:00+00,Weekday,22,Silver Line,90740,4125,978
2024/07/01 04:00:00+00,Weekday,22,Bus,763809,34719,979
2024/07/01 04:00:00+00,Weekday,22,All Bus,854549,38843,980
2024/07/01 04:00:00+00,Weekday,22,Commuter Rail,2407465,109430,981
2024/07/01 04:00:00+00,Weekday,22,Ferry,156541,7116,982
2024/07/01 04:00:00+00,Weekday,22,The RIDE,81903,3723,983
2024/07/01 04:00:00+00,Saturday,4,Blue Line,187465,46866,984
2024/07/01 04:00:00+00,Saturday,4,Orange Line,274020,68505,985
2024/07/01 04:00:00+00,Saturday,4,Red Line,356523,89131,986
2024/07/01 04:00:00+00,Saturday,4,Heavy Rail,818008,204502,987
2024/07/01 04:00:00+00,Saturday,4,Green Line,326529,81632,988
2024/07/01 04:00:00+00,Saturday,4,Mattapan Line,6246,1562,989
2024/07/01 04:00:00+00,Saturday,4,Light Rail,332775,83194,990
2024/07/01 04:00:00+00,Saturday,4,Silver Line,669674,167418,991
2024/07/01 04:00:00+00,Saturday,4,Bus,5493516,1373379,992
2024/07/01 04:00:00+00,Saturday,4,All Bus,6163189,1540797,993
2024/07/01 04:00:00+00,Saturday,4,Commuter Rail,153030,38258,994
2024/07/01 04:00:00+00,Saturday,4,Ferry,23641,5910,995
2024/07/01 04:00:00+00,Saturday,4,The RIDE,7496,1874,996
2024/07/01 04:00:00+00,Sunday,4,Blue Line,193955,48489,997
2024/07/01 04:00:00+00,Sunday,4,Orange Line,230254,57564,998
2024/07/01 04:00:00+00,Sunday,4,Red Line,176406,44102,999
2024/07/01 04:00:00+00,Sunday,4,Heavy Rail,600616,150154,1000
2024/09/01 04:00:00+00,Sunday,6,Bus,705775,117629,1001
2024/09/01 04:00:00+00,Sunday,6,All Bus,815579,135930,1002
2024/09/01 04:00:00+00,Sunday,5,Commuter Rail,152865,30573,1003
2024/09/01 04:00:00+00,Sunday,5,Ferry,13972,2794,1004
2024/09/01 04:00:00+00,Sunday,5,The RIDE,9000,1800,1005
2024/09/01 04:00:00+00,Total,30,Blue Line,1487733,49591,1006
2024/09/01 04:00:00+00,Total,30,Orange Line,3278577,109286,1007
2024/09/01 04:00:00+00,Total,30,Red Line,3195735,106524,1008
2024/09/01 04:00:00+00,Total,30,Heavy Rail,7962046,265402,1009
2024/09/01 04:00:00+00,Total,30,Green Line,4144495,138150,1010
2024/09/01 04:00:00+00,Total,30,Mattapan Line,127949,4265,1011
2024/09/01 04:00:00+00,Total,30,Light Rail,4272444,142415,1012
2024/09/01 04:00:00+00,Total,30,Silver Line,840020,28001,1013
2024/09/01 04:00:00+00,Total,30,Bus,7353516,245117,1014
2024/09/01 04:00:00+00,Total,30,All Bus,8193536,273118,1015
2024/09/01 04:00:00+00,Total,30,Commuter Rail,2608271,86942,1016
2024/09/01 04:00:00+00,Total,30,Ferry,142024,4734,1017
2024/09/01 04:00:00+00,Total,30,The RIDE,98681,3289,1018
2024/08/01 04:00:00+00,Weekday,22,Blue Line,1032197,46918,1019
2024/08/01 04:00:00+00,Weekday,22,Orange Line,2348847,106766,1020
2024/08/01 04:00:00+00,Weekday,22,Red Line,2375187,107963,1021
2024/08/01 04:00:00+00,Weekday,22,Heavy Rail,5756231,261647,1022
2024/08/01 04:00:00+00,Weekday,22,Green Line,2731873,124176,1023
2024/08/01 04:00:00+00,Weekday,22,Mattapan Line,59255,2693,1024
2024/08/01 04:00:00+00,Weekday,22,Light Rail,2791129,126870,1025
2024/08/01 04:00:00+00,Weekday,22,Silver Line,614243,27920,1026
2024/08/01 04:00:00+00,Weekday,22,Bus,5216032,237092,1027
2024/08/01 04:00:00+00,Weekday,22,All Bus,5830275,265012,1028
2024/08/01 04:00:00+00,Weekday,22,Commuter Rail,2314957,105225,1029
2024/08/01 04:00:00+00,Weekday,22,Ferry,140866,6403,1030
2024/08/01 04:00:00+00,Weekday,22,The RIDE,80894,3677,1031
2024/08/01 04:00:00+00,Saturday,5,Blue Line,171977,34395,1032
2024/08/01 04:00:00+00,Saturday,5,Orange Line,279019,55804,1033
2024/08/01 04:00:00+00,Saturday,5,Red Line,368765,73753,1034
2024/08/01 04:00:00+00,Saturday,5,Heavy Rail,819761,163952,1035
2024/08/01 04:00:00+00,Saturday,5,Green Line,494306,98861,1036
2024/08/01 04:00:00+00,Saturday,5,Mattapan Line,7747,1549,1037
2024/08/01 04:00:00+00,Saturday,5,Light Rail,502054,100411,1038
2024/08/01 04:00:00+00,Saturday,5,Silver Line,180365,36073,1039
2024/08/01 04:00:00+00,Saturday,5,Bus,1357520,271504,1040
2024/08/01 04:00:00+00,Saturday,5,All Bus,1537885,307577,1041
2024/08/01 04:00:00+00,Saturday,5,Commuter Rail,205581,41116,1042
2024/08/01 04:00:00+00,Saturday,5,Ferry,28018,5604,1043
2024/08/01 04:00:00+00,Saturday,5,The RIDE,9640,1928,1044
2024/08/01 04:00:00+00,Sunday,4,Blue Line,103552,25888,1045
2024/08/01 04:00:00+00,Sunday,4,Orange Line,154926,38732,1046
2024/08/01 04:00:00+00,Sunday,4,Red Line,221920,55480,1047
2024/08/01 04:00:00+00,Sunday,4,Heavy Rail,480398,120100,1048
2024/08/01 04:00:00+00,Sunday,4,Green Line,313165,78291,1049
2024/08/01 04:00:00+00,Sunday,4,Mattapan Line,4421,1105,1050
2024/11/01 04:00:00+00,Sunday,4,The RIDE,7884,1971,1051
2024/11/01 04:00:00+00,Total,30,Blue Line,1356627,45221,1052
2024/11/01 04:00:00+00,Total,30,Orange Line,2902565,96752,1053
2024/11/01 04:00:00+00,Total,30,Red Line,2761944,92065,1054
2024/11/01 04:00:00+00,Total,30,Heavy Rail,7021136,234038,1055
2024/11/01 04:00:00+00,Total,30,Green Line,3732565,124419,1056
2024/11/01 04:00:00+00,Total,30,Mattapan Line,66780,2226,1057
2024/11/01 04:00:00+00,Total,30,Light Rail,3799345,126645,1058
2024/11/01 04:00:00+00,Total,30,Silver Line,787712,26257,1059
2024/11/01 04:00:00+00,Total,30,Bus,6859650,228655,1060
2024/11/01 04:00:00+00,Total,30,All Bus,7647362,254912,1061
2024/11/01 04:00:00+00,Total,30,Commuter Rail,2370524,79017,1062
2024/11/01 04:00:00+00,Total,30,Ferry,91942,3065,1063
2024/11/01 04:00:00+00,Total,30,The RIDE,100652,3355,1064
2024/10/01 04:00:00+00,Weekday,22,Blue Line,1226420,55746,1065
2024/10/01 04:00:00+00,Weekday,22,Orange Line,2542369,115562,1066
2024/10/01 04:00:00+00,Weekday,22,Red Line,3217799,146264,1067
2024/10/01 04:00:00+00,Weekday,22,Heavy Rail,6986589,317572,1068
2024/10/01 04:00:00+00,Weekday,22,Green Line,3457518,157160,1069
2024/10/01 04:00:00+00,Weekday,22,Mattapan Line,81929,3724,1070
2024/10/01 04:00:00+00,Weekday,22,Light Rail,3539447,160884,1071
2024/10/01 04:00:00+00,Weekday,22,Silver Line,751867,34176,1072
2024/10/01 04:00:00+00,Weekday,22,Bus,6588892,299495,1073
2024/10/01 04:00:00+00,Weekday,22,All Bus,7340758,333671,1074
2024/10/01 04:00:00+00,Weekday,23,Commuter Rail,2531640,110071,1075
2024/10/01 04:00:00+00,Weekday,23,Ferry,119940,5215,1076
2024/10/01 04:00:00+00,Weekday,23,The RIDE,93196,4052,1077
2024/10/01 04:00:00+00,Saturday,5,Blue Line,208645,41729,1078
2024/10/01 04:00:00+00,Saturday,5,Orange Line,314828,62966,1079
2024/10/01 04:00:00+00,Saturday,5,Red Line,494260,98852,1080
2024/10/01 04:00:00+00,Saturday,5,Heavy Rail,1017733,203547,1081
2024/10/01 04:00:00+00,Saturday,5,Green Line,637198,127440,1082
2024/10/01 04:00:00+00,Saturday,5,Mattapan Line,9873,1975,1083
2024/10/01 04:00:00+00,Saturday,5,Light Rail,647071,129414,1084
2024/10/01 04:00:00+00,Saturday,5,Silver Line,120068,24014,1085
2024/10/01 04:00:00+00,Saturday,5,Bus,841554,168311,1086
2024/10/01 04:00:00+00,Saturday,5,All Bus,961622,192324,1087
2024/10/01 04:00:00+00,Saturday,4,Commuter Rail,204437,51109,1088
2024/10/01 04:00:00+00,Saturday,4,Ferry,9767,2442,1089
2024/10/01 04:00:00+00,Saturday,4,The RIDE,8668,2167,1090
2024/10/01 04:00:00+00,Sunday,4,Blue Line,129574,32394,1091
2024/10/01 04:00:00+00,Sunday,4,Orange Line,189684,47421,1092
2024/10/01 04:00:00+00,Sunday,4,Red Line,304768,76192,1093
2024/10/01 04:00:00+00,Sunday,4,Heavy Rail,624025,156006,1094
2024/10/01 04:00:00+00,Sunday,4,Green Line,384692,96173,1095
2024/10/01 04:00:00+00,Sunday,4,Mattapan Line,5287,1322,1096
2024/10/01 04:00:00+00,Sunday,4,Light Rail,389978,97494,1097
2024/10/01 04:00:00+00,Sunday,4,Silver Line,78904,19726,1098
2024/10/01 04:00:00+00,Sunday,4,Bus,450417,112604,1099
2024/10/01 04:00:00+00,Sunday,4,All Bus,529321,132330,1100
2024/07/01 04:00:00+00,Sunday,4,Green Line,280167,70042,1101
2024/07/01 04:00:00+00,Sunday,4,Mattapan Line,4118,1030,1102
2024/07/01 04:00:00+00,Sunday,4,Light Rail,284285,71071,1103
2024/07/01 04:00:00+00,Sunday,4,Silver Line,119971,29993,1104
2024/07/01 04:00:00+00,Sunday,4,Bus,784447,196112,1105
2024/07/01 04:00:00+00,Sunday,4,All Bus,904418,226104,1106
2024/07/01 04:00:00+00,Sunday,4,Commuter Rail,109894,27474,1107
2024/07/01 04:00:00+00,Sunday,4,Ferry,19379,4845,1108
2024/07/01 04:00:00+00,Sunday,4,The RIDE,7160,1790,1109
2024/07/01 04:00:00+00,Total,31,Blue Line,1571084,50680,1110
2024/07/01 04:00:00+00,Total,31,Orange Line,2907726,93798,1111
2024/07/01 04:00:00+00,Total,31,Red Line,2766470,89241,1112
2024/07/01 04:00:00+00,Total,31,Heavy Rail,7245280,233719,1113
2024/07/01 04:00:00+00,Total,31,Green Line,2927979,94451,1114
2024/07/01 04:00:00+00,Total,31,Mattapan Line,77622,2504,1115
2024/07/01 04:00:00+00,Total,31,Light Rail,3005601,96955,1116
2024/07/01 04:00:00+00,Total,31,Silver Line,880384,28399,1117
2024/07/01 04:00:00+00,Total,31,Bus,7041771,227154,1118
2024/07/01 04:00:00+00,Total,31,All Bus,7922156,255553,1119
2024/07/01 04:00:00+00,Total,31,Commuter Rail,2704837,87253,1120
2024/07/01 04:00:00+00,Total,31,Ferry,204539,6598,1121
2024/07/01 04:00:00+00,Total,31,The RIDE,96858,3124,1122
2024/06/01 04:00:00+00,Weekday,20,Blue Line,997502,49875,1123
2024/06/01 04:00:00+00,Weekday,20,Orange Line,1739974,86999,1124
2024/06/01 04:00:00+00,Weekday,20,Red Line,2501402,125070,1125
2024/06/01 04:00:00+00,Weekday,20,Heavy Rail,5238877,261944,1126
2024/06/01 04:00:00+00,Weekday,20,Green Line,1883716,94186,1127
2024/06/01 04:00:00+00,Weekday,20,Mattapan Line,65447,3272,1128
2024/06/01 04:00:00+00,Weekday,20,Light Rail,1949163,97458,1129
2024/06/01 04:00:00+00,Weekday,20,Silver Line,624972,31249,1130
2024/06/01 04:00:00+00,Weekday,20,Bus,5181514,259076,1131
2024/06/01 04:00:00+00,Weekday,20,All Bus,5806485,290324,1132
2024/06/01 04:00:00+00,Weekday,20,Commuter Rail,2159079,107954,1133
2024/06/01 04:00:00+00,Weekday,20,Ferry,120538,6027,1134
2024/06/01 04:00:00+00,Weekday,20,The RIDE,75080,3754,1135
2024/06/01 04:00:00+00,Saturday,5,Blue Line,193928,38786,1136
2024/06/01 04:00:00+00,Saturday,5,Orange Line,259911,51982,1137
2024/06/01 04:00:00+00,Saturday,5,Red Line,351493,70299,1138
2024/06/01 04:00:00+00,Saturday,5,Heavy Rail,805333,161067,1139
2024/06/01 04:00:00+00,Saturday,5,Green Line,400034,80007,1140
2024/06/01 04:00:00+00,Saturday,5,Mattapan Line,8653,1731,1141
2024/06/01 04:00:00+00,Saturday,5,Light Rail,408687,81737,1142
2024/06/01 04:00:00+00,Saturday,5,Silver Line,111831,22366,1143
2024/06/01 04:00:00+00,Saturday,5,Bus,818383,163677,1144
2024/06/01 04:00:00+00,Saturday,5,All Bus,930214,186043,1145
2024/06/01 04:00:00+00,Saturday,5,Commuter Rail,184375,36875,1146
2024/06/01 04:00:00+00,Saturday,5,Ferry,21797,4359,1147
2024/06/01 04:00:00+00,Saturday,5,The RIDE,9760,1952,1148
2024/06/01 04:00:00+00,Sunday,5,Blue Line,153409,30682,1149
2024/06/01 04:00:00+00,Sunday,5,Orange Line,191722,38344,1150
2025/01/01 05:00:00+00,Total,31,Heavy Rail,7588860,244802,1151
2025/01/01 05:00:00+00,Total,31,Green Line,3455182,111457,1152
2025/01/01 05:00:00+00,Total,31,Mattapan Line,69068,2228,1153
2025/01/01 05:00:00+00,Total,31,Light Rail,3524250,113685,1154
2025/01/01 05:00:00+00,Total,31,Silver Line,789928,25482,1155
2025/01/01 05:00:00+00,Total,31,Bus,6831421,220368,1156
2025/01/01 05:00:00+00,Total,31,All Bus,7621349,245850,1157
2025/01/01 05:00:00+00,Total,31,Commuter Rail,2348137,75746,1158
2025/01/01 05:00:00+00,Total,31,Ferry,72581,2341,1159
2025/01/01 05:00:00+00,Total,31,The RIDE,98879,3190,1160
2024/12/01 05:00:00+00,Weekday,21,Blue Line,955372,45494,1161
2024/12/01 05:00:00+00,Weekday,21,Orange Line,2373072,113003,1162
2024/12/01 05:00:00+00,Weekday,21,Red Line,2544391,121161,1163
2024/12/01 05:00:00+00,Weekday,21,Heavy Rail,5872836,279659,1164
2024/12/01 05:00:00+00,Weekday,21,Green Line,2440218,116201,1165
2024/12/01 05:00:00+00,Weekday,21,Mattapan Line,53968,2570,1166
2024/12/01 05:00:00+00,Weekday,21,Light Rail,2494186,118771,1167
2024/12/01 05:00:00+00,Weekday,21,Silver Line,611606,29124,1168
2024/12/01 05:00:00+00,Weekday,21,Bus,5079238,241868,1169
2024/12/01 05:00:00+00,Weekday,21,All Bus,5690844,270993,1170
2024/12/01 05:00:00+00,Weekday,21,Commuter Rail,1950999,92905,1171
2024/12/01 05:00:00+00,Weekday,21,Ferry,67867,3232,1172
2024/12/01 05:00:00+00,Weekday,22,The RIDE,81070,3685,1173
2024/12/01 05:00:00+00,Saturday,4,Blue Line,133778,33444,1174
2024/12/01 05:00:00+00,Saturday,4,Orange Line,310234,77558,1175
2024/12/01 05:00:00+00,Saturday,4,Red Line,321790,80448,1176
2024/12/01 05:00:00+00,Saturday,4,Heavy Rail,765803,191451,1177
2024/12/01 05:00:00+00,Saturday,4,Green Line,371019,92755,1178
2024/12/01 05:00:00+00,Saturday,4,Mattapan Line,4308,1077,1179
2024/12/01 05:00:00+00,Saturday,4,Light Rail,375328,93832,1180
2024/12/01 05:00:00+00,Saturday,4,Silver Line,86897,21724,1181
2024/12/01 05:00:00+00,Saturday,4,Bus,577700,144425,1182
2024/12/01 05:00:00+00,Saturday,4,All Bus,664597,166149,1183
2024/12/01 05:00:00+00,Saturday,4,Commuter Rail,124283,31071,1184
2024/12/01 05:00:00+00,Saturday,4,Ferry,917,229,1185
2024/12/01 05:00:00+00,Saturday,4,The RIDE,8036,2009,1186
2024/12/01 05:00:00+00,Sunday,6,Blue Line,147460,24577,1187
2024/12/01 05:00:00+00,Sunday,6,Orange Line,312814,52136,1188
2024/12/01 05:00:00+00,Sunday,6,Red Line,338381,56397,1189
2024/12/01 05:00:00+00,Sunday,6,Heavy Rail,798655,133109,1190
2024/12/01 05:00:00+00,Sunday,6,Green Line,399094,66516,1191
2024/12/01 05:00:00+00,Sunday,6,Mattapan Line,5136,856,1192
2024/12/01 05:00:00+00,Sunday,6,Light Rail,404230,67372,1193
2024/12/01 05:00:00+00,Sunday,6,Silver Line,127021,21170,1194
2024/12/01 05:00:00+00,Sunday,6,Bus,721825,120304,1195
2024/12/01 05:00:00+00,Sunday,6,All Bus,848846,141474,1196
2024/12/01 05:00:00+00,Sunday,5,Commuter Rail,139548,27910,1197
2024/12/01 05:00:00+00,Sunday,5,Ferry,970,194,1198
2024/12/01 05:00:00+00,Sunday,5,The RIDE,9275,1855,1199
2024/12/01 05:00:00+00,Total,31,Blue Line,1236611,39891,1200
2024/04/01 04:00:00+00,Saturday,4,The RIDE,7660,1915,1201
2024/04/01 04:00:00+00,Sunday,4,Blue Line,88285,22071,1202
2024/04/01 04:00:00+00,Sunday,4,Orange Line,200639,50160,1203
2024/04/01 04:00:00+00,Sunday,4,Red Line,251970,62992,1204
2024/04/01 04:00:00+00,Sunday,4,Heavy Rail,540895,135224,1205
2024/04/01 04:00:00+00,Sunday,4,Green Line,271123,67781,1206
2024/04/01 04:00:00+00,Sunday,4,Mattapan Line,3382,846,1207
2024/04/01 04:00:00+00,Sunday,4,Light Rail,274505,68626,1208
2024/04/01 04:00:00+00,Sunday,4,Silver Line,72026,18006,1209
2024/04/01 04:00:00+00,Sunday,4,Bus,443476,110869,1210
2024/04/01 04:00:00+00,Sunday,4,All Bus,515502,128876,1211
2024/04/01 04:00:00+00,Sunday,4,Commuter Rail,113558,28390,1212
2024/04/01 04:00:00+00,Sunday,4,The RIDE,6876,1719,1213
2024/04/01 04:00:00+00,Total,30,Blue Line,1021698,34057,1214
2024/04/01 04:00:00+00,Total,30,Orange Line,2845851,94862,1215
2024/04/01 04:00:00+00,Total,30,Red Line,3343380,111446,1216
2024/04/01 04:00:00+00,Total,30,Heavy Rail,7210929,240364,1217
2024/04/01 04:00:00+00,Total,30,Green Line,2660864,88695,1218
2024/04/01 04:00:00+00,Total,30,Mattapan Line,76549,2552,1219
2024/04/01 04:00:00+00,Total,30,Light Rail,2737413,91247,1220
2024/04/01 04:00:00+00,Total,30,Silver Line,835010,27834,1221
2024/04/01 04:00:00+00,Total,30,Bus,6981285,232710,1222
2024/04/01 04:00:00+00,Total,30,All Bus,7816296,260543,1223
2024/04/01 04:00:00+00,Total,30,Commuter Rail,2541466,84716,1224
2024/04/01 04:00:00+00,Total,30,Ferry,93989,3133,1225
2024/04/01 04:00:00+00,Total,30,The RIDE,97699,3257,1226
2024/03/01 05:00:00+00,Weekday,21,Blue Line,958314,45634,1227
2024/03/01 05:00:00+00,Weekday,21,Orange Line,2026736,96511,1228
2024/03/01 05:00:00+00,Weekday,21,Red Line,2499645,119031,1229
2024/03/01 05:00:00+00,Weekday,21,Heavy Rail,5484695,261176,1230
2024/03/01 05:00:00+00,Weekday,21,Green Line,1657764,78941,1231
2024/06/01 04:00:00+00,Sunday,5,Red Line,264857,52971,1232
2024/03/01 05:00:00+00,Weekday,21,Mattapan Line,66824,3182,1233
2024/03/01 05:00:00+00,Weekday,21,Light Rail,1724588,82123,1234
2024/03/01 05:00:00+00,Weekday,21,Silver Line,658405,31353,1235
2024/03/01 05:00:00+00,Weekday,21,Bus,5798089,276099,1236
2024/03/01 05:00:00+00,Weekday,21,All Bus,6456494,307452,1237
2024/03/01 05:00:00+00,Weekday,21,Commuter Rail,2179134,103768,1238
2024/06/01 04:00:00+00,Sunday,5,Heavy Rail,609988,121998,1239
2024/03/01 05:00:00+00,Weekday,21,Ferry,70838,3373,1240
2024/06/01 04:00:00+00,Sunday,5,Green Line,299215,59843,1241
2024/03/01 05:00:00+00,Weekday,21,The RIDE,82089,3909,1242
2024/06/01 04:00:00+00,Sunday,5,Mattapan Line,5600,1120,1243
2024/03/01 05:00:00+00,Saturday,5,Blue Line,165360,33072,1244
2024/06/01 04:00:00+00,Sunday,5,Light Rail,304815,60963,1245
2024/03/01 05:00:00+00,Saturday,5,Orange Line,306697,61339,1246
2024/03/01 05:00:00+00,Saturday,5,Red Line,310278,62056,1247
2024/03/01 05:00:00+00,Saturday,5,Heavy Rail,782335,156467,1248
2024/03/01 05:00:00+00,Saturday,5,Green Line,306701,61340,1249
2024/03/01 05:00:00+00,Saturday,5,Mattapan Line,4615,923,1250
2024/03/01 05:00:00+00,Saturday,5,Light Rail,311315,62263,1251
2024/03/01 05:00:00+00,Saturday,5,Silver Line,101271,20254,1252
2024/03/01 05:00:00+00,Saturday,5,Bus,757042,151408,1253
2024/03/01 05:00:00+00,Saturday,5,All Bus,858313,171663,1254
2024/03/01 05:00:00+00,Saturday,5,Commuter Rail,132518,26504,1255
2024/02/01 05:00:00+00,Saturday,4,The RIDE,7264,1816,1256
2023/12/01 05:00:00+00,Saturday,5,All Bus,842791,168558,1257
2024/06/01 04:00:00+00,Sunday,5,Silver Line,92176,18435,1258
2024/02/01 05:00:00+00,Sunday,4,Blue Line,98698,24674,1259
2023/12/01 05:00:00+00,Saturday,5,Commuter Rail,203004,40601,1260
2024/06/01 04:00:00+00,Sunday,5,Bus,557560,111512,1261
2024/02/01 05:00:00+00,Sunday,4,Orange Line,177344,44336,1262
2023/12/01 05:00:00+00,Saturday,5,The RIDE,9565,1913,1263
2024/06/01 04:00:00+00,Sunday,5,All Bus,649737,129947,1264
2024/02/01 05:00:00+00,Sunday,4,Red Line,186700,46675,1265
2023/12/01 05:00:00+00,Sunday,5,Blue Line,120449,24090,1266
2024/06/01 04:00:00+00,Sunday,5,Commuter Rail,145348,29070,1267
2024/02/01 05:00:00+00,Sunday,4,Heavy Rail,461693,115423,1268
2023/12/01 05:00:00+00,Sunday,5,Orange Line,232821,46564,1269
2024/06/01 04:00:00+00,Sunday,5,Ferry,14574,2915,1270
2024/02/01 05:00:00+00,Sunday,4,Green Line,183340,45835,1271
2023/12/01 05:00:00+00,Sunday,5,Red Line,245420,49084,1272
2024/06/01 04:00:00+00,Sunday,5,The RIDE,8525,1705,1273
2024/02/01 05:00:00+00,Sunday,4,Mattapan Line,4078,1020,1274
2023/12/01 05:00:00+00,Sunday,5,Heavy Rail,590875,118175,1275
2024/06/01 04:00:00+00,Total,30,Blue Line,1344839,44828,1276
2024/02/01 05:00:00+00,Sunday,4,Light Rail,179504,44876,1277
2023/12/01 05:00:00+00,Sunday,5,Green Line,197906,39581,1278
2024/06/01 04:00:00+00,Total,30,Orange Line,2191606,73054,1279
2024/02/01 05:00:00+00,Sunday,4,Silver Line,63711,15928,1280
2023/12/01 05:00:00+00,Sunday,5,Mattapan Line,4773,955,1281
2024/06/01 04:00:00+00,Total,30,Red Line,3117752,103925,1282
2024/02/01 05:00:00+00,Sunday,4,Bus,414658,103664,1283
2023/12/01 05:00:00+00,Sunday,5,Light Rail,182650,36530,1284
2024/06/01 04:00:00+00,Total,30,Heavy Rail,6654197,221807,1285
2024/02/01 05:00:00+00,Sunday,4,All Bus,478369,119592,1286
2023/12/01 05:00:00+00,Sunday,5,Silver Line,81866,16373,1287
2024/06/01 04:00:00+00,Total,30,Green Line,2582965,86099,1288
2024/02/01 05:00:00+00,Sunday,4,Commuter Rail,117915,29479,1289
2023/12/01 05:00:00+00,Sunday,5,Bus,465170,93034,1290
2024/06/01 04:00:00+00,Total,30,Mattapan Line,79700,2657,1291
2024/02/01 05:00:00+00,Sunday,4,The RIDE,6292,1573,1292
2023/12/01 05:00:00+00,Sunday,5,All Bus,547036,109407,1293
2024/06/01 04:00:00+00,Total,30,Light Rail,2662665,88756,1294
2024/02/01 05:00:00+00,Total,29,Blue Line,1127169,38868,1295
2023/12/01 05:00:00+00,Sunday,5,Commuter Rail,172606,34521,1296
2024/06/01 04:00:00+00,Total,30,Silver Line,854396,28480,1297
2024/02/01 05:00:00+00,Total,29,Orange Line,2498734,86163,1298
2023/12/01 05:00:00+00,Sunday,5,The RIDE,8315,1663,1299
2024/06/01 04:00:00+00,Total,30,Bus,6754687,225156,1300
2024/02/01 05:00:00+00,Total,29,Red Line,2610722,90025,1301
2023/12/01 05:00:00+00,Total,31,Blue Line,1183285,38170,1302
2024/06/01 04:00:00+00,Total,30,All Bus,7609083,253636,1303
2024/02/01 05:00:00+00,Total,29,Heavy Rail,6236625,215056,1304
2023/12/01 05:00:00+00,Total,31,Orange Line,2583603,83342,1305
2024/06/01 04:00:00+00,Total,30,Commuter Rail,2573753,85792,1306
2024/02/01 05:00:00+00,Total,29,Green Line,1883810,64959,1307
2023/12/01 05:00:00+00,Total,31,Red Line,2781114,89713,1308
2024/06/01 04:00:00+00,Total,30,Ferry,160933,5364,1309
2024/02/01 05:00:00+00,Total,29,Mattapan Line,67889,2341,1310
2023/12/01 05:00:00+00,Total,31,Heavy Rail,6548003,211226,1311
2024/06/01 04:00:00+00,Total,30,The RIDE,93384,3113,1312
2024/02/01 05:00:00+00,Total,29,Light Rail,1951699,67300,1313
2023/12/01 05:00:00+00,Total,31,Green Line,1923248,62040,1314
2024/05/01 04:00:00+00,Weekday,22,Blue Line,1072946,48770,1315
2024/02/01 05:00:00+00,Total,29,Silver Line,725807,25028,1316
2023/12/01 05:00:00+00,Total,31,Mattapan Line,67289,2171,1317
2024/05/01 04:00:00+00,Weekday,22,Orange Line,2156313,98014,1318
2024/02/01 05:00:00+00,Total,29,Bus,6504772,224302,1319
2023/12/01 05:00:00+00,Total,31,Light Rail,1990537,64211,1320
2024/05/01 04:00:00+00,Weekday,22,Red Line,2544884,115677,1321
2024/02/01 05:00:00+00,Total,29,All Bus,7230579,249330,1322
2023/12/01 05:00:00+00,Total,31,Silver Line,769111,24810,1323
2024/05/01 04:00:00+00,Weekday,22,Heavy Rail,5774143,262461,1324
2024/02/01 05:00:00+00,Total,29,Commuter Rail,2291395,79014,1325
2023/12/01 05:00:00+00,Total,31,Bus,6201686,200054,1326
2024/05/01 04:00:00+00,Weekday,22,Green Line,1994557,90662,1327
2024/02/01 05:00:00+00,Total,29,Ferry,66611,2297,1328
2023/12/01 05:00:00+00,Total,31,All Bus,6970797,224864,1329
2024/05/01 04:00:00+00,Weekday,22,Mattapan Line,67393,3063,1330
2024/02/01 05:00:00+00,Total,29,The RIDE,88625,3056,1331
2023/12/01 05:00:00+00,Total,31,Commuter Rail,2264824,73059,1332
2024/05/01 04:00:00+00,Weekday,22,Light Rail,2061950,93725,1333
2024/01/01 05:00:00+00,Weekday,21,Blue Line,892386,42495,1334
2023/12/01 05:00:00+00,Total,31,Ferry,59871,1931,1335
2024/05/01 04:00:00+00,Weekday,22,Silver Line,707628,32165,1336
2024/01/01 05:00:00+00,Weekday,21,Orange Line,2265993,107904,1337
2023/12/01 05:00:00+00,Total,31,The RIDE,89966,2902,1338
2024/05/01 04:00:00+00,Weekday,22,Bus,6210738,282306,1339
2024/01/01 05:00:00+00,Weekday,21,Red Line,2307481,109880,1340
2023/11/01 04:00:00+00,Weekday,21,Blue Line,1006989,47952,1341
2024/05/01 04:00:00+00,Weekday,22,All Bus,6918366,314471,1342
2024/01/01 05:00:00+00,Weekday,21,Heavy Rail,5397771,257037,1343
2023/11/01 04:00:00+00,Weekday,21,Orange Line,2274354,108303,1344
2023/11/01 04:00:00+00,Weekday,21,Red Line,2479743,118083,1345
2023/11/01 04:00:00+00,Weekday,21,Heavy Rail,5761085,274337,1346
2023/11/01 04:00:00+00,Weekday,21,Green Line,1732501,82500,1347
2023/11/01 04:00:00+00,Weekday,21,Mattapan Line,59431,2830,1348
2023/11/01 04:00:00+00,Weekday,21,Light Rail,1791931,85330,1349
2023/11/01 04:00:00+00,Weekday,21,Silver Line,638204,30391,1350
2023/11/01 04:00:00+00,Weekday,21,Bus,5628924,268044,1351
2023/11/01 04:00:00+00,Weekday,21,All Bus,6267128,298435,1352
2023/11/01 04:00:00+00,Weekday,21,Commuter Rail,2084911,99281,1353
2023/11/01 04:00:00+00,Weekday,21,Ferry,82819,3944,1354
2023/11/01 04:00:00+00,Weekday,21,The RIDE,80432,3830,1355
2023/11/01 04:00:00+00,Saturday,4,Blue Line,143899,35975,1356
2023/11/01 04:00:00+00,Saturday,4,Orange Line,261474,65368,1357
2023/11/01 04:00:00+00,Saturday,4,Red Line,260472,65118,1358
2023/11/01 04:00:00+00,Saturday,4,Heavy Rail,665845,166461,1359
2023/11/01 04:00:00+00,Saturday,4,Green Line,293060,73265,1360
2023/11/01 04:00:00+00,Saturday,4,Mattapan Line,5828,1457,1361
2023/11/01 04:00:00+00,Saturday,4,Light Rail,298888,74722,1362
2023/11/01 04:00:00+00,Saturday,4,Silver Line,86709,21677,1363
2023/11/01 04:00:00+00,Saturday,4,Bus,594304,148576,1364
2024/05/01 04:00:00+00,Weekday,22,Commuter Rail,2405463,109339,1365
2024/05/01 04:00:00+00,Weekday,22,Ferry,110043,5002,1366
2024/05/01 04:00:00+00,Weekday,22,The RIDE,86894,3950,1367
2024/05/01 04:00:00+00,Saturday,4,Blue Line,151993,37998,1368
2024/05/01 04:00:00+00,Saturday,4,Orange Line,258169,64542,1369
2024/05/01 04:00:00+00,Saturday,4,Red Line,281547,70387,1370
2024/05/01 04:00:00+00,Saturday,4,Heavy Rail,691708,172927,1371
2024/05/01 04:00:00+00,Saturday,4,Green Line,310605,77651,1372
2024/05/01 04:00:00+00,Saturday,4,Mattapan Line,5745,1436,1373
2024/05/01 04:00:00+00,Saturday,4,Light Rail,316350,79088,1374
2024/05/01 04:00:00+00,Saturday,4,Silver Line,82152,20538,1375
2024/05/01 04:00:00+00,Saturday,4,Bus,648126,162032,1376
2024/01/01 05:00:00+00,Weekday,21,Green Line,847664,40365,1377
2024/05/01 04:00:00+00,Saturday,4,All Bus,730278,182570,1378
2024/01/01 05:00:00+00,Weekday,21,Mattapan Line,60227,2868,1379
2024/05/01 04:00:00+00,Saturday,4,Commuter Rail,132269,33067,1380
2024/01/01 05:00:00+00,Weekday,21,Light Rail,823400,39210,1381
2024/05/01 04:00:00+00,Saturday,4,Ferry,7627,1907,1382
2024/01/01 05:00:00+00,Weekday,21,Silver Line,557230,26535,1383
2024/05/01 04:00:00+00,Saturday,4,The RIDE,7920,1980,1384
2024/01/01 05:00:00+00,Weekday,21,Bus,5304374,252589,1385
2024/01/01 05:00:00+00,Weekday,21,All Bus,5861604,279124,1386
2024/01/01 05:00:00+00,Weekday,21,Commuter Rail,2050154,97626,1387
2024/01/01 05:00:00+00,Weekday,21,Ferry,69553,3312,1388
2024/01/01 05:00:00+00,Weekday,21,The RIDE,78430,3735,1389
2024/01/01 05:00:00+00,Saturday,4,Blue Line,114508,28627,1390
2024/01/01 05:00:00+00,Saturday,4,Orange Line,269240,67310,1391
2024/01/01 05:00:00+00,Saturday,4,Red Line,249419,62355,1392
2024/01/01 05:00:00+00,Saturday,4,Heavy Rail,630092,157523,1393
2024/01/01 05:00:00+00,Saturday,4,Green Line,88010,22002,1394
2024/01/01 05:00:00+00,Saturday,4,Mattapan Line,5573,1393,1395
2024/01/01 05:00:00+00,Saturday,4,Light Rail,85032,21258,1396
2024/01/01 05:00:00+00,Saturday,4,Silver Line,88037,22009,1397
2024/01/01 05:00:00+00,Saturday,4,Bus,691494,172874,1398
2024/01/01 05:00:00+00,Saturday,4,All Bus,779531,194883,1399
2024/01/01 05:00:00+00,Saturday,4,Commuter Rail,104102,26026,1400
2024/05/01 04:00:00+00,Sunday,4,Blue Line,118614,29654,1401
2024/05/01 04:00:00+00,Sunday,4,Orange Line,192920,48230,1402
2024/05/01 04:00:00+00,Sunday,4,Red Line,236515,59129,1403
2024/05/01 04:00:00+00,Sunday,4,Heavy Rail,548049,137012,1404
2024/05/01 04:00:00+00,Sunday,4,Green Line,246207,61552,1405
2024/05/01 04:00:00+00,Sunday,4,Mattapan Line,4145,1036,1406
2024/05/01 04:00:00+00,Sunday,4,Light Rail,250352,62588,1407
2024/05/01 04:00:00+00,Sunday,4,Silver Line,74429,18607,1408
2024/05/01 04:00:00+00,Sunday,4,Bus,435035,108759,1409
2024/05/01 04:00:00+00,Sunday,4,All Bus,509464,127366,1410
2024/05/01 04:00:00+00,Sunday,4,Commuter Rail,112825,28206,1411
2024/05/01 04:00:00+00,Sunday,4,Ferry,6524,1631,1412
2024/05/01 04:00:00+00,Sunday,4,The RIDE,6888,1722,1413
2024/05/01 04:00:00+00,Total,31,Blue Line,1373447,44305,1414
2024/05/01 04:00:00+00,Total,31,Orange Line,2658311,85752,1415
2024/05/01 04:00:00+00,Total,31,Red Line,3117512,100565,1416
2024/05/01 04:00:00+00,Total,31,Heavy Rail,7149269,230622,1417
2024/05/01 04:00:00+00,Total,31,Green Line,2607128,84101,1418
2024/05/01 04:00:00+00,Total,31,Mattapan Line,78555,2534,1419
2024/05/01 04:00:00+00,Total,31,Light Rail,2685682,86635,1420
2024/05/01 04:00:00+00,Total,31,Silver Line,883599,28503,1421
2024/05/01 04:00:00+00,Total,31,Bus,7404088,238842,1422
2024/05/01 04:00:00+00,Total,31,All Bus,8287688,267345,1423
2024/05/01 04:00:00+00,Total,31,Commuter Rail,2678145,86392,1424
2024/05/01 04:00:00+00,Total,31,Ferry,126341,4076,1425
2024/05/01 04:00:00+00,Total,31,The RIDE,101725,3281,1426
2024/04/01 04:00:00+00,Weekday,22,Blue Line,825297,37514,1427
2024/04/01 04:00:00+00,Weekday,22,Orange Line,2398515,109023,1428
2024/04/01 04:00:00+00,Weekday,22,Red Line,2785651,126620,1429
2024/04/01 04:00:00+00,Weekday,22,Heavy Rail,6009462,273157,1430
2024/04/01 04:00:00+00,Weekday,22,Green Line,2055985,93454,1431
2024/04/01 04:00:00+00,Weekday,22,Mattapan Line,68470,3112,1432
2024/04/01 04:00:00+00,Weekday,22,Light Rail,2124455,96566,1433
2024/04/01 04:00:00+00,Weekday,22,Silver Line,650934,29588,1434
2024/04/01 04:00:00+00,Weekday,22,Bus,5718315,259923,1435
2024/04/01 04:00:00+00,Weekday,22,All Bus,6369249,289511,1436
2024/04/01 04:00:00+00,Weekday,22,Commuter Rail,2312422,105110,1437
2024/04/01 04:00:00+00,Weekday,22,Ferry,87622,3983,1438
2024/04/01 04:00:00+00,Weekday,22,The RIDE,83160,3780,1439
2024/04/01 04:00:00+00,Saturday,4,Blue Line,111573,27893,1440
2024/04/01 04:00:00+00,Saturday,4,Orange Line,260859,65215,1441
2024/04/01 04:00:00+00,Saturday,4,Red Line,320934,80234,1442
2024/04/01 04:00:00+00,Saturday,4,Heavy Rail,693365,173341,1443
2024/04/01 04:00:00+00,Saturday,4,Green Line,338515,84629,1444
2024/04/01 04:00:00+00,Saturday,4,Mattapan Line,5258,1314,1445
2024/04/01 04:00:00+00,Saturday,4,Light Rail,343773,85943,1446
2024/04/01 04:00:00+00,Saturday,4,Silver Line,84896,21224,1447
2024/04/01 04:00:00+00,Saturday,4,Bus,635244,158811,1448
2024/04/01 04:00:00+00,Saturday,4,All Bus,720140,180035,1449
2024/04/01 04:00:00+00,Saturday,4,Commuter Rail,115486,28872,1450
2024/03/01 05:00:00+00,Saturday,5,The RIDE,9400,1880,1451
2024/03/01 05:00:00+00,Sunday,5,Blue Line,135976,27195,1452
2024/03/01 05:00:00+00,Sunday,5,Orange Line,241652,48330,1453
2024/03/01 05:00:00+00,Sunday,5,Red Line,264409,52882,1454
2024/03/01 05:00:00+00,Sunday,5,Heavy Rail,642037,128407,1455
2024/03/01 05:00:00+00,Sunday,5,Green Line,243858,48772,1456
2024/03/01 05:00:00+00,Sunday,5,Mattapan Line,3223,645,1457
2024/03/01 05:00:00+00,Sunday,5,Light Rail,247082,49416,1458
2024/03/01 05:00:00+00,Sunday,5,Silver Line,85268,17054,1459
2024/03/01 05:00:00+00,Sunday,5,Bus,519157,103831,1460
2024/03/01 05:00:00+00,Sunday,5,All Bus,604426,120885,1461
2024/03/01 05:00:00+00,Sunday,5,Commuter Rail,145335,29067,1462
2024/03/01 05:00:00+00,Sunday,5,The RIDE,8645,1729,1463
2024/03/01 05:00:00+00,Total,31,Blue Line,1259650,40634,1464
2024/03/01 05:00:00+00,Total,31,Orange Line,2575085,83067,1465
2024/03/01 05:00:00+00,Total,31,Red Line,3074332,99172,1466
2024/03/01 05:00:00+00,Total,31,Heavy Rail,6909066,222873,1467
2024/03/01 05:00:00+00,Total,31,Green Line,2208323,71236,1468
2024/03/01 05:00:00+00,Total,31,Mattapan Line,74662,2408,1469
2024/03/01 05:00:00+00,Total,31,Light Rail,2282985,73645,1470
2024/03/01 05:00:00+00,Total,31,Silver Line,844945,27256,1471
2024/03/01 05:00:00+00,Total,31,Bus,7074289,228203,1472
2024/03/01 05:00:00+00,Total,31,All Bus,7919233,255459,1473
2024/03/01 05:00:00+00,Total,31,Commuter Rail,2456987,79258,1474
2024/03/01 05:00:00+00,Total,31,Ferry,75290,2429,1475
2024/03/01 05:00:00+00,Total,31,The RIDE,100148,3231,1476
2024/02/01 05:00:00+00,Weekday,20,Blue Line,867786,43389,1477
2024/02/01 05:00:00+00,Weekday,20,Orange Line,2012491,100625,1478
2024/02/01 05:00:00+00,Weekday,20,Red Line,2115585,105779,1479
2024/02/01 05:00:00+00,Weekday,20,Heavy Rail,4986143,249307,1480
2024/02/01 05:00:00+00,Weekday,20,Green Line,1394515,69726,1481
2024/02/01 05:00:00+00,Weekday,20,Mattapan Line,56155,2808,1482
2024/02/01 05:00:00+00,Weekday,20,Light Rail,1392706,69635,1483
2024/02/01 05:00:00+00,Weekday,20,Silver Line,567882,28394,1484
2024/02/01 05:00:00+00,Weekday,20,Bus,5325483,266274,1485
2024/02/01 05:00:00+00,Weekday,20,All Bus,5893364,294668,1486
2024/02/01 05:00:00+00,Weekday,20,Commuter Rail,1994039,99702,1487
2024/02/01 05:00:00+00,Weekday,20,Ferry,62982,3149,1488
2024/02/01 05:00:00+00,Weekday,20,The RIDE,75054,3753,1489
2024/02/01 05:00:00+00,Saturday,4,Blue Line,129628,32407,1490
2024/02/01 05:00:00+00,Saturday,4,Orange Line,245429,61357,1491
2024/02/01 05:00:00+00,Saturday,4,Red Line,241862,60466,1492
2024/02/01 05:00:00+00,Saturday,4,Heavy Rail,615970,153992,1493
2024/02/01 05:00:00+00,Saturday,4,Green Line,247141,61785,1494
2024/02/01 05:00:00+00,Saturday,4,Mattapan Line,6077,1519,1495
2024/02/01 05:00:00+00,Saturday,4,Light Rail,246053,61513,1496
2024/02/01 05:00:00+00,Saturday,4,Silver Line,72248,18062,1497
2024/02/01 05:00:00+00,Saturday,4,Bus,614366,153592,1498
2024/02/01 05:00:00+00,Saturday,4,All Bus,686614,171654,1499
2024/02/01 05:00:00+00,Saturday,4,Commuter Rail,151559,37890,1500
2023/11/01 04:00:00+00,Saturday,4,All Bus,681013,170253,1501
2023/11/01 04:00:00+00,Saturday,4,Commuter Rail,125901,31475,1502
2023/11/01 04:00:00+00,Saturday,4,The RIDE,7512,1878,1503
2023/11/01 04:00:00+00,Sunday,4,Blue Line,115528,28882,1504
2023/11/01 04:00:00+00,Sunday,4,Orange Line,199396,49849,1505
2023/11/01 04:00:00+00,Sunday,4,Red Line,201278,50320,1506
2023/11/01 04:00:00+00,Sunday,4,Heavy Rail,516202,129050,1507
2023/11/01 04:00:00+00,Sunday,4,Green Line,220725,55181,1508
2023/11/01 04:00:00+00,Sunday,4,Mattapan Line,3900,975,1509
2023/11/01 04:00:00+00,Sunday,4,Light Rail,224625,56156,1510
2023/11/01 04:00:00+00,Sunday,4,Silver Line,84018,21004,1511
2023/11/01 04:00:00+00,Sunday,4,Bus,479679,119920,1512
2023/11/01 04:00:00+00,Sunday,4,All Bus,563698,140924,1513
2023/11/01 04:00:00+00,Sunday,4,Commuter Rail,108072,27018,1514
2023/11/01 04:00:00+00,Sunday,4,The RIDE,6952,1738,1515
2023/11/01 04:00:00+00,Total,30,Blue Line,1282685,42756,1516
2023/11/01 04:00:00+00,Total,30,Orange Line,2761654,92055,1517
2023/11/01 04:00:00+00,Total,30,Red Line,2969252,98975,1518
2023/11/01 04:00:00+00,Total,30,Heavy Rail,7013591,233786,1519
2023/11/01 04:00:00+00,Total,30,Green Line,2269526,75651,1520
2023/11/01 04:00:00+00,Total,30,Mattapan Line,69846,2328,1521
2023/11/01 04:00:00+00,Total,30,Light Rail,2339372,77979,1522
2023/11/01 04:00:00+00,Total,30,Silver Line,808932,26964,1523
2023/11/01 04:00:00+00,Total,30,Bus,6702907,223430,1524
2023/11/01 04:00:00+00,Total,30,All Bus,7511839,250395,1525
2023/11/01 04:00:00+00,Total,30,Commuter Rail,2342703,78090,1526
2023/11/01 04:00:00+00,Total,30,Ferry,87668,2922,1527
2023/11/01 04:00:00+00,Total,30,The RIDE,94920,3164,1528
2023/10/01 04:00:00+00,Weekday,22,Blue Line,1116517,50751,1529
2023/10/01 04:00:00+00,Weekday,22,Orange Line,2500465,113658,1530
2023/10/01 04:00:00+00,Weekday,22,Red Line,2683095,121959,1531
2023/10/01 04:00:00+00,Weekday,22,Heavy Rail,6300077,286367,1532
2023/10/01 04:00:00+00,Weekday,22,Green Line,2097097,95323,1533
2023/10/01 04:00:00+00,Weekday,22,Mattapan Line,35879,1631,1534
2023/10/01 04:00:00+00,Weekday,22,Light Rail,2132976,96953,1535
2023/10/01 04:00:00+00,Weekday,22,Silver Line,679341,30879,1536
2023/10/01 04:00:00+00,Weekday,22,Bus,6041841,274629,1537
2023/10/01 04:00:00+00,Weekday,22,All Bus,6721183,305508,1538
2023/10/01 04:00:00+00,Weekday,22,Commuter Rail,2160511,98205,1539
2023/10/01 04:00:00+00,Weekday,22,Ferry,110418,5019,1540
2023/10/01 04:00:00+00,Weekday,22,The RIDE,83732,3806,1541
2023/10/01 04:00:00+00,Saturday,4,Blue Line,153271,38318,1542
2023/10/01 04:00:00+00,Saturday,4,Orange Line,306628,76657,1543
2023/10/01 04:00:00+00,Saturday,4,Red Line,300082,75020,1544
2023/10/01 04:00:00+00,Saturday,4,Heavy Rail,759981,189995,1545
2023/10/01 04:00:00+00,Saturday,4,Green Line,319124,79781,1546
2023/10/01 04:00:00+00,Saturday,4,Light Rail,319124,79781,1547
2023/10/01 04:00:00+00,Saturday,4,Silver Line,109911,27478,1548
2023/10/01 04:00:00+00,Saturday,4,Bus,789985,197496,1549
2023/10/01 04:00:00+00,Saturday,4,All Bus,899896,224974,1550
2024/01/01 05:00:00+00,Saturday,4,Ferry,728,182,1551
2024/01/01 05:00:00+00,Saturday,4,The RIDE,7652,1913,1552
2024/01/01 05:00:00+00,Sunday,4,Blue Line,81395,20349,1553
2024/01/01 05:00:00+00,Sunday,4,Orange Line,170672,42668,1554
2024/01/01 05:00:00+00,Sunday,4,Red Line,173460,43365,1555
2024/01/01 05:00:00+00,Sunday,4,Heavy Rail,422089,105522,1556
2024/01/01 05:00:00+00,Sunday,4,Green Line,67403,16851,1557
2024/01/01 05:00:00+00,Sunday,4,Mattapan Line,3386,846,1558
2024/01/01 05:00:00+00,Sunday,4,Light Rail,63974,15994,1559
2024/01/01 05:00:00+00,Sunday,4,Silver Line,70912,17728,1560
2024/01/01 05:00:00+00,Sunday,4,Bus,418342,104586,1561
2024/01/01 05:00:00+00,Sunday,4,All Bus,489254,122314,1562
2024/01/01 05:00:00+00,Sunday,4,Commuter Rail,101913,25478,1563
2024/01/01 05:00:00+00,Sunday,4,Ferry,422,106,1564
2024/01/01 05:00:00+00,Sunday,4,The RIDE,6652,1663,1565
2024/01/01 05:00:00+00,Total,31,Blue Line,1137482,36693,1566
2024/01/01 05:00:00+00,Total,31,Orange Line,2804924,90481,1567
2024/01/01 05:00:00+00,Total,31,Red Line,2820630,90988,1568
2024/01/01 05:00:00+00,Total,31,Heavy Rail,6763036,218162,1569
2024/01/01 05:00:00+00,Total,31,Green Line,1072689,34603,1570
2024/01/01 05:00:00+00,Total,31,Mattapan Line,71500,2306,1571
2024/01/01 05:00:00+00,Total,31,Light Rail,1144189,36909,1572
2024/01/01 05:00:00+00,Total,31,Silver Line,716178,23103,1573
2024/01/01 05:00:00+00,Total,31,Bus,6414210,206910,1574
2024/01/01 05:00:00+00,Total,31,All Bus,7130389,230013,1575
2024/01/01 05:00:00+00,Total,31,Commuter Rail,2356367,76012,1576
2024/01/01 05:00:00+00,Total,31,Ferry,71528,2307,1577
2024/01/01 05:00:00+00,Total,31,The RIDE,89863,2899,1578
2023/12/01 05:00:00+00,Weekday,20,Blue Line,879538,43977,1579
2023/12/01 05:00:00+00,Weekday,20,Orange Line,1985307,99265,1580
2023/12/01 05:00:00+00,Weekday,20,Red Line,2155204,107760,1581
2023/12/01 05:00:00+00,Weekday,20,Heavy Rail,4898233,244912,1582
2023/12/01 05:00:00+00,Weekday,20,Green Line,1423481,71174,1583
2023/12/01 05:00:00+00,Weekday,20,Mattapan Line,54757,2738,1584
2023/12/01 05:00:00+00,Weekday,20,Light Rail,1315562,65778,1585
2023/12/01 05:00:00+00,Weekday,20,Silver Line,566533,28327,1586
2023/12/01 05:00:00+00,Weekday,20,Bus,4903999,245200,1587
2023/12/01 05:00:00+00,Weekday,20,All Bus,5470531,273527,1588
2023/12/01 05:00:00+00,Weekday,20,Commuter Rail,1877089,93854,1589
2023/12/01 05:00:00+00,Weekday,20,Ferry,57186,2859,1590
2023/12/01 05:00:00+00,Weekday,20,The RIDE,72072,3604,1591
2023/12/01 05:00:00+00,Saturday,5,Blue Line,170619,34124,1592
2023/12/01 05:00:00+00,Saturday,5,Orange Line,344400,68880,1593
2023/12/01 05:00:00+00,Saturday,5,Red Line,360186,72037,1594
2023/12/01 05:00:00+00,Saturday,5,Heavy Rail,855789,171158,1595
2023/12/01 05:00:00+00,Saturday,5,Green Line,285885,57177,1596
2023/12/01 05:00:00+00,Saturday,5,Mattapan Line,7374,1475,1597
2023/12/01 05:00:00+00,Saturday,5,Light Rail,263406,52681,1598
2023/12/01 05:00:00+00,Saturday,5,Silver Line,101940,20388,1599
2023/12/01 05:00:00+00,Saturday,5,Bus,740851,148170,1600
2023/04/01 04:00:00+00,Weekday,20,Bus,4952698,247635,1601
2023/04/01 04:00:00+00,Weekday,20,Private Bus,45967,2298,1602
2023/04/01 04:00:00+00,Weekday,20,All Bus,5522446,276122,1603
2023/04/01 04:00:00+00,Weekday,20,Commuter Rail,1701832,85092,1604
2023/04/01 04:00:00+00,Weekday,20,Ferry,75162,3758,1605
2023/04/01 04:00:00+00,Weekday,20,The RIDE,70720,3536,1606
2023/04/01 04:00:00+00,Saturday,5,Blue Line,177511,35502,1607
2023/04/01 04:00:00+00,Saturday,5,Orange Line,282035,56407,1608
2023/04/01 04:00:00+00,Saturday,5,Red Line,340116,68023,1609
2023/04/01 04:00:00+00,Saturday,5,Heavy Rail,799662,159932,1610
2023/04/01 04:00:00+00,Saturday,5,Green Line,500602,100120,1611
2023/04/01 04:00:00+00,Saturday,5,Mattapan Line,7596,1519,1612
2023/04/01 04:00:00+00,Saturday,5,Light Rail,508198,101640,1613
2023/04/01 04:00:00+00,Saturday,5,Silver Line,89822,17964,1614
2023/04/01 04:00:00+00,Saturday,5,Bus,757342,151468,1615
2023/04/01 04:00:00+00,Saturday,5,Private Bus,6755,1351,1616
2023/04/01 04:00:00+00,Saturday,5,All Bus,853918,170784,1617
2023/04/01 04:00:00+00,Saturday,5,Commuter Rail,156654,31331,1618
2023/04/01 04:00:00+00,Saturday,5,The RIDE,8800,1760,1619
2023/04/01 04:00:00+00,Sunday,5,Blue Line,132602,26520,1620
2023/04/01 04:00:00+00,Sunday,5,Orange Line,206707,41341,1621
2023/04/01 04:00:00+00,Sunday,5,Red Line,241661,48332,1622
2023/04/01 04:00:00+00,Sunday,5,Heavy Rail,580970,116194,1623
2023/04/01 04:00:00+00,Sunday,5,Green Line,363967,72793,1624
2023/04/01 04:00:00+00,Sunday,5,Mattapan Line,4805,961,1625
2023/04/01 04:00:00+00,Sunday,5,Light Rail,368772,73754,1626
2023/08/01 04:00:00+00,Saturday,4,The RIDE,7652,1913,1627
2023/06/01 04:00:00+00,Saturday,4,Green Line,342216,85554,1628
2023/07/01 04:00:00+00,Saturday,5,All Bus,867776,173555,1629
2023/10/01 04:00:00+00,Saturday,4,Commuter Rail,152939,38235,1630
2023/04/01 04:00:00+00,Sunday,5,Silver Line,76668,15334,1631
2023/04/01 04:00:00+00,Sunday,5,Bus,477777,95555,1632
2023/04/01 04:00:00+00,Sunday,5,Private Bus,3841,768,1633
2023/04/01 04:00:00+00,Sunday,5,All Bus,558285,111657,1634
2023/04/01 04:00:00+00,Sunday,5,Commuter Rail,116528,23306,1635
2023/04/01 04:00:00+00,Sunday,5,The RIDE,7615,1523,1636
2023/04/01 04:00:00+00,Total,30,Blue Line,1226081,40869,1637
2023/04/01 04:00:00+00,Total,30,Orange Line,2530301,84343,1638
2023/04/01 04:00:00+00,Total,30,Red Line,3141379,104713,1639
2023/04/01 04:00:00+00,Total,30,Heavy Rail,6897761,229925,1640
2023/04/01 04:00:00+00,Total,30,Green Line,3379047,112635,1641
2023/04/01 04:00:00+00,Total,30,Mattapan Line,75318,2511,1642
2023/04/01 04:00:00+00,Total,30,Light Rail,3454365,115146,1643
2023/04/01 04:00:00+00,Total,30,Silver Line,714204,23807,1644
2023/04/01 04:00:00+00,Total,30,Bus,6347726,211591,1645
2023/04/01 04:00:00+00,Total,30,Private Bus,56563,1885,1646
2023/04/01 04:00:00+00,Total,30,All Bus,7118493,237283,1647
2023/04/01 04:00:00+00,Total,30,Commuter Rail,2075362,69179,1648
2023/04/01 04:00:00+00,Total,30,Ferry,81549,2718,1649
2023/04/01 04:00:00+00,Total,30,The RIDE,87143,2905,1650
2023/03/01 05:00:00+00,Weekday,23,Blue Line,1031519,44849,1651
2023/03/01 05:00:00+00,Weekday,23,Orange Line,2332041,101393,1652
2023/03/01 05:00:00+00,Weekday,23,Red Line,2836598,123330,1653
2023/03/01 05:00:00+00,Weekday,23,Heavy Rail,6200158,269572,1654
2023/09/01 04:00:00+00,Saturday,5,The RIDE,8765,1753,1655
2023/07/01 04:00:00+00,Saturday,5,Commuter Rail,167928,33586,1656
2023/08/01 04:00:00+00,Sunday,4,Blue Line,144023,36006,1657
2023/06/01 04:00:00+00,Saturday,4,Mattapan Line,6154,1538,1658
2023/10/01 04:00:00+00,Saturday,4,The RIDE,7512,1878,1659
2023/09/01 04:00:00+00,Sunday,4,Blue Line,123366,30842,1660
2023/07/01 04:00:00+00,Saturday,5,Ferry,23843,4769,1661
2023/08/01 04:00:00+00,Sunday,4,Orange Line,226229,56557,1662
2023/06/01 04:00:00+00,Saturday,4,Light Rail,348370,87092,1663
2023/10/01 04:00:00+00,Sunday,5,Blue Line,152793,30559,1664
2023/09/01 04:00:00+00,Sunday,4,Orange Line,217539,54385,1665
2023/07/01 04:00:00+00,Saturday,5,The RIDE,9080,1816,1666
2023/08/01 04:00:00+00,Sunday,4,Red Line,249334,62334,1667
2023/06/01 04:00:00+00,Saturday,4,Silver Line,80784,20196,1668
2023/10/01 04:00:00+00,Sunday,5,Orange Line,282793,56559,1669
2023/09/01 04:00:00+00,Sunday,4,Red Line,260435,65109,1670
2023/07/01 04:00:00+00,Sunday,5,Blue Line,167826,33565,1671
2023/08/01 04:00:00+00,Sunday,4,Heavy Rail,619586,154896,1672
2023/06/01 04:00:00+00,Saturday,4,Bus,562216,140554,1673
2023/10/01 04:00:00+00,Sunday,5,Red Line,289714,57943,1674
2023/09/01 04:00:00+00,Sunday,4,Heavy Rail,601340,150335,1675
2023/07/01 04:00:00+00,Sunday,5,Orange Line,270352,54070,1676
2023/08/01 04:00:00+00,Sunday,4,Green Line,253945,63486,1677
2023/06/01 04:00:00+00,Saturday,4,Private Bus,5491,1373,1678
2023/10/01 04:00:00+00,Sunday,5,Heavy Rail,725299,145060,1679
2023/09/01 04:00:00+00,Sunday,4,Green Line,258863,64716,1680
2023/07/01 04:00:00+00,Sunday,5,Red Line,313865,62773,1681
2023/08/01 04:00:00+00,Sunday,4,Mattapan Line,4800,1200,1682
2023/06/01 04:00:00+00,Saturday,4,All Bus,648491,162123,1683
2023/10/01 04:00:00+00,Sunday,5,Green Line,304719,60944,1684
2023/09/01 04:00:00+00,Sunday,4,Mattapan Line,4431,1108,1685
2023/07/01 04:00:00+00,Sunday,5,Heavy Rail,752043,150409,1686
2023/08/01 04:00:00+00,Sunday,4,Light Rail,258745,64686,1687
2023/06/01 04:00:00+00,Saturday,4,Commuter Rail,136765,34191,1688
2023/10/01 04:00:00+00,Sunday,5,Light Rail,304719,60944,1689
2023/09/01 04:00:00+00,Sunday,4,Light Rail,263294,65824,1690
2023/07/01 04:00:00+00,Sunday,5,Green Line,279168,55834,1691
2023/08/01 04:00:00+00,Sunday,4,Silver Line,76568,19142,1692
2023/06/01 04:00:00+00,Saturday,4,Ferry,8230,2058,1693
2023/10/01 04:00:00+00,Sunday,5,Silver Line,92182,18436,1694
2023/09/01 04:00:00+00,Sunday,4,Silver Line,96720,24180,1695
2023/07/01 04:00:00+00,Sunday,5,Mattapan Line,5463,1093,1696
2023/08/01 04:00:00+00,Sunday,4,Bus,440327,110082,1697
2023/06/01 04:00:00+00,Saturday,4,The RIDE,7152,1788,1698
2023/10/01 04:00:00+00,Sunday,5,Bus,551038,110208,1699
2023/09/01 04:00:00+00,Sunday,4,Bus,545556,136389,1700
2023/07/01 04:00:00+00,Sunday,5,Light Rail,284630,56926,1701
2023/08/01 04:00:00+00,Sunday,4,All Bus,516895,129224,1702
2023/06/01 04:00:00+00,Sunday,4,Blue Line,128733,32183,1703
2023/10/01 04:00:00+00,Sunday,5,All Bus,643220,128644,1704
2023/09/01 04:00:00+00,Sunday,4,All Bus,642276,160569,1705
2023/07/01 04:00:00+00,Sunday,5,Silver Line,106325,21265,1706
2023/08/01 04:00:00+00,Sunday,4,Commuter Rail,116914,29228,1707
2023/06/01 04:00:00+00,Sunday,4,Orange Line,202491,50623,1708
2023/10/01 04:00:00+00,Sunday,5,Commuter Rail,151508,30302,1709
2023/09/01 04:00:00+00,Sunday,4,Commuter Rail,111434,27858,1710
2023/07/01 04:00:00+00,Sunday,5,Bus,597425,119485,1711
2023/08/01 04:00:00+00,Sunday,4,The RIDE,6632,1658,1712
2023/06/01 04:00:00+00,Sunday,4,Red Line,262031,65508,1713
2023/10/01 04:00:00+00,Sunday,5,The RIDE,8345,1669,1714
2023/09/01 04:00:00+00,Sunday,4,The RIDE,6408,1602,1715
2023/07/01 04:00:00+00,Sunday,5,Private Bus,5403,1081,1716
2023/08/01 04:00:00+00,Total,31,Blue Line,1515024,48872,1717
2023/06/01 04:00:00+00,Sunday,4,Heavy Rail,593255,148314,1718
2023/10/01 04:00:00+00,Total,31,Blue Line,1422580,45890,1719
2023/09/01 04:00:00+00,Total,30,Blue Line,1352023,45067,1720
2023/07/01 04:00:00+00,Sunday,5,All Bus,709154,141831,1721
2023/08/01 04:00:00+00,Total,31,Orange Line,2823763,91089,1722
2023/06/01 04:00:00+00,Sunday,4,Green Line,275063,68766,1723
2023/10/01 04:00:00+00,Total,31,Orange Line,3089886,99674,1724
2023/09/01 04:00:00+00,Total,30,Orange Line,2773532,92451,1725
2023/07/01 04:00:00+00,Sunday,5,Commuter Rail,126503,25301,1726
2023/08/01 04:00:00+00,Total,31,Red Line,3287688,106054,1727
2023/08/01 04:00:00+00,Total,31,Heavy Rail,7626475,246015,1728
2023/08/01 04:00:00+00,Total,31,Green Line,2642792,85251,1729
2023/08/01 04:00:00+00,Total,31,Mattapan Line,75242,2427,1730
2023/08/01 04:00:00+00,Total,31,Light Rail,2718034,87679,1731
2023/08/01 04:00:00+00,Total,31,Silver Line,876736,28282,1732
2023/08/01 04:00:00+00,Total,31,Bus,6666127,215036,1733
2023/08/01 04:00:00+00,Total,31,All Bus,7542862,243318,1734
2023/08/01 04:00:00+00,Total,31,Commuter Rail,2396679,77312,1735
2023/08/01 04:00:00+00,Total,31,Ferry,196039,6324,1736
2023/08/01 04:00:00+00,Total,31,The RIDE,97016,3130,1737
2023/07/01 04:00:00+00,Weekday,20,Blue Line,1012119,50606,1738
2023/07/01 04:00:00+00,Weekday,20,Orange Line,1990562,99528,1739
2023/07/01 04:00:00+00,Weekday,20,Red Line,2485675,124284,1740
2023/07/01 04:00:00+00,Weekday,20,Heavy Rail,5488356,274418,1741
2023/07/01 04:00:00+00,Weekday,20,Green Line,1889599,94480,1742
2023/07/01 04:00:00+00,Weekday,20,Mattapan Line,57250,2862,1743
2023/07/01 04:00:00+00,Weekday,20,Light Rail,1946849,97342,1744
2023/07/01 04:00:00+00,Weekday,20,Silver Line,616253,30813,1745
2023/07/01 04:00:00+00,Weekday,20,Bus,4946173,247309,1746
2023/07/01 04:00:00+00,Weekday,20,Private Bus,48126,2406,1747
2023/07/01 04:00:00+00,Weekday,20,All Bus,5610551,280528,1748
2023/07/01 04:00:00+00,Weekday,20,Commuter Rail,1861427,93071,1749
2023/07/01 04:00:00+00,Weekday,20,Ferry,136677,6834,1750
2023/07/01 04:00:00+00,Weekday,20,The RIDE,71967,3598,1751
2023/07/01 04:00:00+00,Saturday,5,Blue Line,207932,41586,1752
2023/07/01 04:00:00+00,Saturday,5,Orange Line,351709,70342,1753
2023/07/01 04:00:00+00,Saturday,5,Red Line,389432,77886,1754
2023/07/01 04:00:00+00,Saturday,5,Heavy Rail,949074,189815,1755
2023/07/01 04:00:00+00,Saturday,5,Green Line,349003,69801,1756
2023/07/01 04:00:00+00,Saturday,5,Mattapan Line,7917,1583,1757
2023/07/01 04:00:00+00,Saturday,5,Light Rail,356919,71384,1758
2023/07/01 04:00:00+00,Saturday,5,Silver Line,103396,20679,1759
2023/07/01 04:00:00+00,Saturday,5,Bus,757055,151411,1760
2023/07/01 04:00:00+00,Saturday,5,Private Bus,7325,1465,1761
2023/06/01 04:00:00+00,Sunday,4,Mattapan Line,4360,1090,1762
2023/07/01 04:00:00+00,Sunday,5,Ferry,16675,3335,1763
2023/06/01 04:00:00+00,Sunday,4,Light Rail,279423,69856,1764
2023/07/01 04:00:00+00,Sunday,5,The RIDE,7590,1518,1765
2023/10/01 04:00:00+00,Total,31,Red Line,3272891,105577,1766
2023/06/01 04:00:00+00,Sunday,4,Silver Line,70816,17704,1767
2023/07/01 04:00:00+00,Total,31,Blue Line,1418568,45760,1768
2023/09/01 04:00:00+00,Total,30,Red Line,3293113,109770,1769
2023/10/01 04:00:00+00,Total,31,Heavy Rail,7785357,251141,1770
2023/06/01 04:00:00+00,Sunday,4,Bus,414495,103624,1771
2023/07/01 04:00:00+00,Total,31,Orange Line,2656511,85694,1772
2023/09/01 04:00:00+00,Total,30,Heavy Rail,7418667,247289,1773
2023/10/01 04:00:00+00,Total,31,Green Line,2720940,87772,1774
2023/06/01 04:00:00+00,Sunday,4,Private Bus,4028,1007,1775
2023/07/01 04:00:00+00,Total,31,Red Line,3241811,104575,1776
2023/09/01 04:00:00+00,Total,30,Green Line,2596340,86545,1777
2023/10/01 04:00:00+00,Total,31,Mattapan Line,35899,1158,1778
2023/06/01 04:00:00+00,Sunday,4,All Bus,489339,122335,1779
2023/07/01 04:00:00+00,Total,31,Heavy Rail,7316891,236029,1780
2023/09/01 04:00:00+00,Total,30,Mattapan Line,74689,2490,1781
2023/10/01 04:00:00+00,Total,31,Light Rail,2756839,88930,1782
2023/06/01 04:00:00+00,Sunday,4,Commuter Rail,106899,26725,1783
2023/07/01 04:00:00+00,Total,31,Green Line,2578698,83184,1784
2023/09/01 04:00:00+00,Total,30,Light Rail,2671029,89034,1785
2023/10/01 04:00:00+00,Total,31,Silver Line,881434,28433,1786
2023/06/01 04:00:00+00,Sunday,4,Ferry,9901,2475,1787
2023/07/01 04:00:00+00,Total,31,Mattapan Line,71642,2311,1788
2023/09/01 04:00:00+00,Total,30,Silver Line,835741,27858,1789
2023/10/01 04:00:00+00,Total,31,Bus,7382864,238157,1790
2023/06/01 04:00:00+00,Sunday,4,The RIDE,6468,1617,1791
2023/07/01 04:00:00+00,Total,31,Light Rail,2650340,85495,1792
2023/09/01 04:00:00+00,Total,30,Bus,6904339,230145,1793
2023/10/01 04:00:00+00,Total,31,All Bus,8264299,266590,1794
2023/06/01 04:00:00+00,Total,30,Blue Line,1361338,45378,1795
2023/07/01 04:00:00+00,Total,31,Silver Line,825974,26644,1796
2023/09/01 04:00:00+00,Total,30,All Bus,7740080,258003,1797
2023/10/01 04:00:00+00,Total,31,Commuter Rail,2548014,82194,1798
2023/06/01 04:00:00+00,Total,30,Orange Line,2632186,87740,1799
2023/07/01 04:00:00+00,Total,31,Bus,6300653,203247,1800
2023/09/01 04:00:00+00,Total,30,Commuter Rail,2117835,70594,1801
2023/10/01 04:00:00+00,Total,31,Ferry,121462,3918,1802
2023/06/01 04:00:00+00,Total,30,Red Line,3357977,111933,1803
2023/07/01 04:00:00+00,Total,31,Private Bus,60854,1963,1804
2023/09/01 04:00:00+00,Total,30,Ferry,120663,4022,1805
2023/10/01 04:00:00+00,Total,31,The RIDE,99606,3213,1806
2023/06/01 04:00:00+00,Total,30,Heavy Rail,7351501,245050,1807
2023/07/01 04:00:00+00,Total,31,All Bus,7187481,231854,1808
2023/09/01 04:00:00+00,Total,30,The RIDE,91812,3060,1809
2023/09/01 04:00:00+00,Weekday,20,Blue Line,1012882,50644,1810
2023/06/01 04:00:00+00,Total,30,Green Line,3076007,102534,1811
2023/07/01 04:00:00+00,Total,31,Commuter Rail,2187378,70561,1812
2023/08/01 04:00:00+00,Weekday,23,Blue Line,1192710,51857,1813
2023/09/01 04:00:00+00,Weekday,20,Orange Line,2173928,108696,1814
2023/06/01 04:00:00+00,Total,30,Mattapan Line,76742,2558,1815
2023/07/01 04:00:00+00,Total,31,Ferry,177195,5716,1816
2023/08/01 04:00:00+00,Weekday,23,Orange Line,2304171,100181,1817
2023/09/01 04:00:00+00,Weekday,20,Red Line,2614113,130706,1818
2023/06/01 04:00:00+00,Total,30,Light Rail,3152748,105092,1819
2023/07/01 04:00:00+00,Total,31,The RIDE,88664,2860,1820
2023/08/01 04:00:00+00,Weekday,23,Red Line,2728212,118618,1821
2023/09/01 04:00:00+00,Weekday,20,Heavy Rail,5800924,290046,1822
2023/03/01 05:00:00+00,Weekday,23,Green Line,2664211,115835,1823
2023/06/01 04:00:00+00,Total,30,Silver Line,816953,27232,1824
2023/06/01 04:00:00+00,Total,30,Bus,6506803,216893,1825
2023/06/01 04:00:00+00,Total,30,Private Bus,63021,2101,1826
2023/06/01 04:00:00+00,Total,30,All Bus,7386776,246226,1827
2023/06/01 04:00:00+00,Total,30,Commuter Rail,2288229,76274,1828
2023/06/01 04:00:00+00,Total,30,Ferry,129884,4329,1829
2023/06/01 04:00:00+00,Total,30,The RIDE,91741,3058,1830
2023/05/01 04:00:00+00,Weekday,22,Blue Line,1062255,48284,1831
2023/05/01 04:00:00+00,Weekday,22,Orange Line,2235069,101594,1832
2023/05/01 04:00:00+00,Weekday,22,Red Line,2835398,128882,1833
2023/05/01 04:00:00+00,Weekday,22,Heavy Rail,6132722,278760,1834
2023/05/01 04:00:00+00,Weekday,22,Green Line,2632445,119657,1835
2023/05/01 04:00:00+00,Weekday,22,Mattapan Line,71062,3230,1836
2023/05/01 04:00:00+00,Weekday,22,Light Rail,2703507,122887,1837
2023/05/01 04:00:00+00,Weekday,22,Silver Line,653041,29684,1838
2023/05/01 04:00:00+00,Weekday,22,Bus,5867238,266693,1839
2023/05/01 04:00:00+00,Weekday,22,Private Bus,55307,2514,1840
2023/05/01 04:00:00+00,Weekday,22,All Bus,6575587,298890,1841
2023/05/01 04:00:00+00,Weekday,22,Commuter Rail,2056788,93490,1842
2023/09/01 04:00:00+00,Weekday,20,Green Line,1912538,95627,1843
2023/08/01 04:00:00+00,Weekday,23,Heavy Rail,6225093,270656,1844
2023/03/01 05:00:00+00,Weekday,23,Mattapan Line,77555,3372,1845
2023/06/01 04:00:00+00,Weekday,22,Blue Line,1083549,49252,1846
2023/09/01 04:00:00+00,Weekday,20,Mattapan Line,62925,3146,1847
2023/08/01 04:00:00+00,Weekday,23,Green Line,2064223,89749,1848
2023/03/01 05:00:00+00,Weekday,23,Light Rail,2741766,119207,1849
2023/06/01 04:00:00+00,Weekday,22,Orange Line,2167324,98515,1850
2023/09/01 04:00:00+00,Weekday,20,Light Rail,1975462,98773,1851
2023/08/01 04:00:00+00,Weekday,23,Mattapan Line,63719,2770,1852
2023/03/01 05:00:00+00,Weekday,23,Silver Line,615675,26768,1853
2023/06/01 04:00:00+00,Weekday,22,Red Line,2771939,125997,1854
2023/09/01 04:00:00+00,Weekday,20,Silver Line,637690,31884,1855
2023/08/01 04:00:00+00,Weekday,23,Light Rail,2127942,92519,1856
2023/03/01 05:00:00+00,Weekday,23,Bus,5879290,255621,1857
2023/06/01 04:00:00+00,Weekday,22,Heavy Rail,6022811,273764,1858
2023/09/01 04:00:00+00,Weekday,20,Bus,5609479,280474,1859
2023/08/01 04:00:00+00,Weekday,23,Silver Line,710210,30879,1860
2023/03/01 05:00:00+00,Weekday,23,Private Bus,49329,2145,1861
2023/06/01 04:00:00+00,Weekday,22,Green Line,2458728,111760,1862
2023/09/01 04:00:00+00,Weekday,20,All Bus,6247169,312358,1863
2023/08/01 04:00:00+00,Weekday,23,Bus,5611401,243974,1864
2023/03/01 05:00:00+00,Weekday,23,All Bus,6544294,284535,1865
2023/06/01 04:00:00+00,Weekday,22,Mattapan Line,66227,3010,1866
2023/09/01 04:00:00+00,Weekday,20,Commuter Rail,1825185,91259,1867
2023/08/01 04:00:00+00,Weekday,23,All Bus,6321611,274853,1868
2023/03/01 05:00:00+00,Weekday,23,Commuter Rail,1889751,82163,1869
2023/06/01 04:00:00+00,Weekday,22,Light Rail,2524955,114771,1870
2023/09/01 04:00:00+00,Weekday,20,Ferry,102476,5124,1871
2023/08/01 04:00:00+00,Weekday,23,Commuter Rail,2133281,92751,1872
2023/03/01 05:00:00+00,Weekday,23,Ferry,63672,2768,1873
2023/06/01 04:00:00+00,Weekday,22,Silver Line,665353,30243,1874
2023/09/01 04:00:00+00,Weekday,20,The RIDE,76629,3831,1875
2023/08/01 04:00:00+00,Weekday,23,Ferry,152556,6633,1876
2023/03/01 05:00:00+00,Weekday,23,The RIDE,82064,3568,1877
2023/06/01 04:00:00+00,Weekday,22,Bus,5530092,251368,1878
2023/09/01 04:00:00+00,Saturday,5,Blue Line,182813,36563,1879
2023/08/01 04:00:00+00,Weekday,23,The RIDE,82731,3597,1880
2023/03/01 05:00:00+00,Saturday,4,Blue Line,128384,32096,1881
2023/06/01 04:00:00+00,Weekday,22,Private Bus,53502,2432,1882
2023/09/01 04:00:00+00,Saturday,5,Orange Line,328015,65603,1883
2023/08/01 04:00:00+00,Saturday,4,Blue Line,178291,44573,1884
2023/03/01 05:00:00+00,Saturday,4,Orange Line,220166,55042,1885
2023/06/01 04:00:00+00,Weekday,22,All Bus,6248947,284043,1886
2023/09/01 04:00:00+00,Saturday,5,Red Line,362049,72410,1887
2023/08/01 04:00:00+00,Saturday,4,Orange Line,293363,73341,1888
2023/03/01 05:00:00+00,Saturday,4,Red Line,217187,54297,1889
2023/06/01 04:00:00+00,Weekday,22,Commuter Rail,2044565,92935,1890
2023/09/01 04:00:00+00,Saturday,5,Heavy Rail,872876,174575,1891
2023/08/01 04:00:00+00,Saturday,4,Red Line,310142,77536,1892
2023/03/01 05:00:00+00,Saturday,4,Heavy Rail,565736,141434,1893
2023/06/01 04:00:00+00,Weekday,22,Ferry,111753,5080,1894
2023/09/01 04:00:00+00,Saturday,5,Green Line,364584,72917,1895
2023/08/01 04:00:00+00,Saturday,4,Heavy Rail,781796,195449,1896
2023/03/01 05:00:00+00,Saturday,4,Green Line,340386,85096,1897
2023/06/01 04:00:00+00,Weekday,22,The RIDE,78100,3550,1898
2023/09/01 04:00:00+00,Saturday,5,Mattapan Line,6171,1234,1899
2023/08/01 04:00:00+00,Saturday,4,Green Line,324625,81156,1900
2023/03/01 05:00:00+00,Saturday,4,Mattapan Line,5480,1370,1901
2023/06/01 04:00:00+00,Saturday,4,Blue Line,149056,37264,1902
2023/09/01 04:00:00+00,Saturday,5,Light Rail,370755,74151,1903
2023/08/01 04:00:00+00,Saturday,4,Mattapan Line,6722,1680,1904
2023/03/01 05:00:00+00,Saturday,4,Light Rail,345866,86466,1905
2023/06/01 04:00:00+00,Saturday,4,Orange Line,262372,65593,1906
2023/09/01 04:00:00+00,Saturday,5,Silver Line,101332,20266,1907
2023/08/01 04:00:00+00,Saturday,4,Light Rail,331347,82837,1908
2023/03/01 05:00:00+00,Saturday,4,Silver Line,66898,16724,1909
2023/06/01 04:00:00+00,Saturday,4,Red Line,324007,81002,1910
2023/09/01 04:00:00+00,Saturday,5,Bus,749304,149861,1911
2023/08/01 04:00:00+00,Saturday,4,Silver Line,89957,22489,1912
2023/03/01 05:00:00+00,Saturday,4,Bus,539092,134773,1913
2023/06/01 04:00:00+00,Saturday,4,Heavy Rail,735435,183859,1914
2023/09/01 04:00:00+00,Saturday,5,All Bus,850635,170127,1915
2023/08/01 04:00:00+00,Saturday,4,Bus,614399,153600,1916
2023/03/01 05:00:00+00,Saturday,4,Private Bus,4438,1110,1917
2023/03/01 05:00:00+00,Saturday,4,All Bus,610428,152607,1918
2023/03/01 05:00:00+00,Saturday,4,Commuter Rail,104309,26077,1919
2023/03/01 05:00:00+00,Saturday,4,The RIDE,6712,1678,1920
2023/03/01 05:00:00+00,Sunday,4,Blue Line,110086,27522,1921
2023/03/01 05:00:00+00,Sunday,4,Orange Line,178295,44574,1922
2023/03/01 05:00:00+00,Sunday,4,Red Line,187814,46954,1923
2023/03/01 05:00:00+00,Sunday,4,Heavy Rail,476196,119049,1924
2023/03/01 05:00:00+00,Sunday,4,Green Line,282692,70673,1925
2023/03/01 05:00:00+00,Sunday,4,Mattapan Line,4199,1050,1926
2023/03/01 05:00:00+00,Sunday,4,Light Rail,286891,71723,1927
2023/03/01 05:00:00+00,Sunday,4,Silver Line,58672,14668,1928
2023/03/01 05:00:00+00,Sunday,4,Bus,393935,98484,1929
2023/03/01 05:00:00+00,Sunday,4,Private Bus,3169,792,1930
2023/03/01 05:00:00+00,Sunday,4,All Bus,455777,113944,1931
2023/03/01 05:00:00+00,Sunday,4,Commuter Rail,112475,28119,1932
2023/03/01 05:00:00+00,Sunday,4,The RIDE,6068,1517,1933
2023/03/01 05:00:00+00,Total,31,Blue Line,1269989,40967,1934
2023/03/01 05:00:00+00,Total,31,Orange Line,2730502,88081,1935
2023/03/01 05:00:00+00,Total,31,Red Line,3241600,104568,1936
2023/03/01 05:00:00+00,Total,31,Heavy Rail,7242090,233616,1937
2023/03/01 05:00:00+00,Total,31,Green Line,3287289,106042,1938
2023/03/01 05:00:00+00,Total,31,Mattapan Line,87234,2814,1939
2023/03/01 05:00:00+00,Total,31,Light Rail,3374523,108856,1940
2023/03/01 05:00:00+00,Total,31,Silver Line,741245,23911,1941
2023/03/01 05:00:00+00,Total,31,Bus,6812317,219752,1942
2023/03/01 05:00:00+00,Total,31,Private Bus,56936,1837,1943
2023/03/01 05:00:00+00,Total,31,All Bus,7610499,245500,1944
2023/03/01 05:00:00+00,Total,31,Commuter Rail,2106535,67953,1945
2023/03/01 05:00:00+00,Total,31,Ferry,65883,2125,1946
2023/03/01 05:00:00+00,Total,31,The RIDE,94862,3060,1947
2023/09/01 04:00:00+00,Saturday,5,Commuter Rail,150083,30017,1948
2023/08/01 04:00:00+00,Saturday,4,All Bus,704356,176089,1949
2023/08/01 04:00:00+00,Saturday,4,Commuter Rail,146484,36621,1950
2023/05/01 04:00:00+00,Weekday,22,Ferry,94646,4302,1951
2023/05/01 04:00:00+00,Weekday,22,The RIDE,81719,3714,1952
2023/05/01 04:00:00+00,Saturday,4,Blue Line,151180,37795,1953
2023/05/01 04:00:00+00,Saturday,4,Orange Line,248105,62026,1954
2023/05/01 04:00:00+00,Saturday,4,Red Line,264295,66074,1955
2023/05/01 04:00:00+00,Saturday,4,Heavy Rail,663580,165895,1956
2023/05/01 04:00:00+00,Saturday,4,Green Line,355856,88964,1957
2023/05/01 04:00:00+00,Saturday,4,Mattapan Line,3047,762,1958
2023/05/01 04:00:00+00,Saturday,4,Light Rail,358903,89726,1959
2023/05/01 04:00:00+00,Saturday,4,Silver Line,77879,19470,1960
2023/05/01 04:00:00+00,Saturday,4,Bus,613004,153251,1961
2023/05/01 04:00:00+00,Saturday,4,Private Bus,5524,1381,1962
2023/05/01 04:00:00+00,Saturday,4,All Bus,696406,174102,1963
2023/05/01 04:00:00+00,Saturday,4,Commuter Rail,125898,31474,1964
2023/05/01 04:00:00+00,Saturday,4,The RIDE,7360,1840,1965
2023/05/01 04:00:00+00,Sunday,4,Blue Line,131975,32994,1966
2023/05/01 04:00:00+00,Sunday,4,Orange Line,210295,52574,1967
2023/05/01 04:00:00+00,Sunday,4,Red Line,231255,57814,1968
2023/05/01 04:00:00+00,Sunday,4,Heavy Rail,573525,143381,1969
2023/05/01 04:00:00+00,Sunday,4,Green Line,301235,75309,1970
2023/05/01 04:00:00+00,Sunday,4,Mattapan Line,2102,526,1971
2023/05/01 04:00:00+00,Sunday,4,Light Rail,303337,75834,1972
2023/05/01 04:00:00+00,Sunday,4,Silver Line,88393,22098,1973
2023/05/01 04:00:00+00,Sunday,4,Bus,537550,134388,1974
2023/05/01 04:00:00+00,Sunday,4,Private Bus,3663,916,1975
2023/05/01 04:00:00+00,Sunday,4,All Bus,629606,157402,1976
2023/05/01 04:00:00+00,Sunday,4,Commuter Rail,104686,26172,1977
2023/05/01 04:00:00+00,Sunday,4,The RIDE,6600,1650,1978
2023/05/01 04:00:00+00,Total,31,Blue Line,1378765,44476,1979
2023/05/01 04:00:00+00,Total,31,Orange Line,2752676,88796,1980
2023/05/01 04:00:00+00,Total,31,Red Line,3391252,109395,1981
2023/05/01 04:00:00+00,Total,31,Heavy Rail,7522694,242668,1982
2023/05/01 04:00:00+00,Total,31,Green Line,3364296,108526,1983
2023/05/01 04:00:00+00,Total,31,Mattapan Line,77375,2496,1984
2023/05/01 04:00:00+00,Total,31,Light Rail,3441672,111022,1985
2023/05/01 04:00:00+00,Total,31,Silver Line,819313,26429,1986
2023/05/01 04:00:00+00,Total,31,Bus,7017792,226380,1987
2023/05/01 04:00:00+00,Total,31,Private Bus,64494,2080,1988
2023/05/01 04:00:00+00,Total,31,All Bus,7901599,254890,1989
2023/05/01 04:00:00+00,Total,31,Commuter Rail,2318035,74775,1990
2023/05/01 04:00:00+00,Total,31,Ferry,111263,3589,1991
2023/05/01 04:00:00+00,Total,31,The RIDE,95704,3087,1992
2023/04/01 04:00:00+00,Weekday,20,Blue Line,915968,45798,1993
2023/04/01 04:00:00+00,Weekday,20,Orange Line,2041560,102078,1994
2023/04/01 04:00:00+00,Weekday,20,Red Line,2559602,127980,1995
2023/04/01 04:00:00+00,Weekday,20,Heavy Rail,5517129,275856,1996
2023/04/01 04:00:00+00,Weekday,20,Green Line,2514478,125724,1997
2023/04/01 04:00:00+00,Weekday,20,Mattapan Line,62916,3146,1998
2023/04/01 04:00:00+00,Weekday,20,Light Rail,2577394,128870,1999
2023/04/01 04:00:00+00,Weekday,20,Silver Line,523782,26189,2000
2022/11/01 04:00:00+00,Total,30,Blue Line,1194637,39821,2001
2022/11/01 04:00:00+00,Total,30,Orange Line,2706887,90230,2002
2022/11/01 04:00:00+00,Total,30,Red Line,3455569,115186,2003
2022/11/01 04:00:00+00,Total,30,Heavy Rail,7357093,245236,2004
2022/11/01 04:00:00+00,Total,30,Green Line,3162598,105420,2005
2022/11/01 04:00:00+00,Total,30,Mattapan Line,85444,2848,2006
2022/11/01 04:00:00+00,Total,30,Light Rail,3248042,108268,2007
2022/11/01 04:00:00+00,Total,30,Silver Line,733218,24441,2008
2022/11/01 04:00:00+00,Total,30,Bus,6312454,210415,2009
2022/10/01 04:00:00+00,Sunday,5,Private Bus,3876,775,2010
2022/12/01 05:00:00+00,Total,31,Green Line,2839842,91608,2011
2023/02/01 05:00:00+00,Weekday,19,Blue Line,820081,43162,2012
2023/02/01 05:00:00+00,Total,28,All Bus,6235862,222709,2013
2022/11/01 04:00:00+00,Total,30,Private Bus,56412,1880,2014
2022/11/01 04:00:00+00,Total,30,All Bus,7102084,236736,2015
2022/11/01 04:00:00+00,Total,30,Commuter Rail,1913514,63784,2016
2022/11/01 04:00:00+00,Total,30,Ferry,64684,2156,2017
2022/11/01 04:00:00+00,Total,30,The RIDE,84969,2832,2018
2022/10/01 04:00:00+00,Weekday,21,Blue Line,983389,46828,2019
2022/10/01 04:00:00+00,Weekday,21,Orange Line,2209360,105208,2020
2022/10/01 04:00:00+00,Weekday,21,Red Line,2959789,140942,2021
2022/10/01 04:00:00+00,Weekday,21,Heavy Rail,6152538,292978,2022
2022/10/01 04:00:00+00,Weekday,21,Green Line,2560380,121923,2023
2022/10/01 04:00:00+00,Weekday,21,Mattapan Line,78638,3745,2024
2022/10/01 04:00:00+00,Weekday,21,Light Rail,2639017,125667,2025
2022/10/01 04:00:00+00,Weekday,21,Silver Line,587607,27981,2026
2022/10/01 04:00:00+00,Weekday,21,Bus,5500695,261938,2027
2022/10/01 04:00:00+00,Weekday,21,Private Bus,47314,2253,2028
2022/10/01 04:00:00+00,Weekday,21,All Bus,6135616,292172,2029
2022/10/01 04:00:00+00,Weekday,21,Commuter Rail,1764085,84004,2030
2022/10/01 04:00:00+00,Weekday,21,Ferry,68437,3259,2031
2022/10/01 04:00:00+00,Weekday,21,The RIDE,73101,3481,2032
2022/10/01 04:00:00+00,Saturday,5,Blue Line,190127,38025,2033
2022/10/01 04:00:00+00,Saturday,5,Orange Line,380613,76123,2034
2022/10/01 04:00:00+00,Saturday,5,Red Line,454830,90966,2035
2022/10/01 04:00:00+00,Saturday,5,Heavy Rail,1025569,205114,2036
2022/10/01 04:00:00+00,Saturday,5,Green Line,518214,103643,2037
2022/10/01 04:00:00+00,Saturday,5,Mattapan Line,6046,1209,2038
2022/10/01 04:00:00+00,Saturday,5,Light Rail,524260,104852,2039
2022/10/01 04:00:00+00,Saturday,5,Silver Line,94511,18902,2040
2022/10/01 04:00:00+00,Saturday,5,Bus,772263,154453,2041
2022/10/01 04:00:00+00,Saturday,5,Private Bus,6816,1363,2042
2022/10/01 04:00:00+00,Saturday,5,All Bus,873589,174718,2043
2022/10/01 04:00:00+00,Saturday,5,Commuter Rail,198682,39736,2044
2022/10/01 04:00:00+00,Saturday,5,The RIDE,9105,1821,2045
2022/10/01 04:00:00+00,Sunday,5,Blue Line,145025,29005,2046
2022/10/01 04:00:00+00,Sunday,5,Orange Line,266012,53202,2047
2022/10/01 04:00:00+00,Sunday,5,Red Line,326682,65336,2048
2022/10/01 04:00:00+00,Sunday,5,Heavy Rail,737719,147544,2049
2022/10/01 04:00:00+00,Sunday,5,Green Line,378507,75701,2050
2022/10/01 04:00:00+00,Sunday,5,Mattapan Line,3971,794,2051
2022/10/01 04:00:00+00,Sunday,5,Light Rail,382478,76496,2052
2022/10/01 04:00:00+00,Sunday,5,Silver Line,76422,15284,2053
2022/10/01 04:00:00+00,Sunday,5,Bus,502613,100523,2054
2022/09/01 04:00:00+00,Sunday,4,Mattapan Line,5936,1484,2055
2023/01/01 05:00:00+00,Total,31,Silver Line,675591,21793,2056
2022/10/01 04:00:00+00,Sunday,5,All Bus,582910,116582,2057
2022/12/01 05:00:00+00,Total,31,Mattapan Line,72638,2343,2058
2023/02/01 05:00:00+00,Weekday,19,Orange Line,1880203,98958,2059
2023/02/01 05:00:00+00,Total,28,Commuter Rail,1704568,60877,2060
2022/10/01 04:00:00+00,Sunday,5,Commuter Rail,143082,28616,2061
2023/01/01 05:00:00+00,Total,31,Bus,6026436,194401,2062
2022/09/01 04:00:00+00,Sunday,4,Light Rail,321939,80485,2063
2022/12/01 05:00:00+00,Total,31,Light Rail,2912480,93951,2064
2023/02/01 05:00:00+00,Weekday,19,Red Line,2337093,123005,2065
2023/02/01 05:00:00+00,Total,28,Ferry,50578,1806,2066
2022/10/01 04:00:00+00,Sunday,5,The RIDE,7200,1440,2067
2023/01/01 05:00:00+00,Total,31,All Bus,6702027,216194,2068
2022/09/01 04:00:00+00,Sunday,4,Silver Line,64970,16242,2069
2022/12/01 05:00:00+00,Total,31,Silver Line,673921,21739,2070
2023/02/01 05:00:00+00,Weekday,19,Heavy Rail,5037377,265125,2071
2023/02/01 05:00:00+00,Total,28,The RIDE,78197,2793,2072
2022/10/01 04:00:00+00,Total,31,Blue Line,1318541,42534,2073
2023/01/01 05:00:00+00,Total,31,Commuter Rail,1840509,59371,2074
2022/09/01 04:00:00+00,Sunday,4,Bus,488691,122173,2075
2022/12/01 05:00:00+00,Total,31,Bus,5750635,185504,2076
2023/02/01 05:00:00+00,Weekday,19,Green Line,2234148,117587,2077
2023/01/01 05:00:00+00,Weekday,20,Blue Line,818684,40934,2078
2022/10/01 04:00:00+00,Total,31,Orange Line,2855984,92129,2079
2023/01/01 05:00:00+00,Total,31,Ferry,45930,1482,2080
2022/09/01 04:00:00+00,Sunday,4,Private Bus,3725,931,2081
2022/12/01 05:00:00+00,Total,31,Private Bus,53065,1712,2082
2023/02/01 05:00:00+00,Weekday,19,Mattapan Line,63492,3342,2083
2023/01/01 05:00:00+00,Weekday,20,Orange Line,1967801,98390,2084
2022/10/01 04:00:00+00,Total,31,Red Line,3741301,120687,2085
2023/01/01 05:00:00+00,Total,31,The RIDE,83708,2700,2086
2022/09/01 04:00:00+00,Sunday,4,All Bus,557386,139346,2087
2022/12/01 05:00:00+00,Total,31,All Bus,6477621,208956,2088
2023/02/01 05:00:00+00,Weekday,19,Light Rail,2297641,120928,2089
2023/01/01 05:00:00+00,Weekday,20,Red Line,2455555,122778,2090
2022/10/01 04:00:00+00,Total,31,Heavy Rail,7915826,255349,2091
2022/12/01 05:00:00+00,Weekday,21,Blue Line,847989,40380,2092
2022/09/01 04:00:00+00,Sunday,4,Commuter Rail,88351,22088,2093
2022/12/01 05:00:00+00,Total,31,Commuter Rail,1752446,56531,2094
2023/02/01 05:00:00+00,Weekday,19,Silver Line,465735,24512,2095
2023/01/01 05:00:00+00,Weekday,20,Heavy Rail,5242040,262102,2096
2022/10/01 04:00:00+00,Total,31,Green Line,3457100,111519,2097
2022/12/01 05:00:00+00,Weekday,21,Orange Line,1979416,94258,2098
2022/09/01 04:00:00+00,Sunday,4,The RIDE,5940,1485,2099
2022/12/01 05:00:00+00,Total,31,Ferry,50342,1624,2100
2023/02/01 05:00:00+00,Weekday,19,Bus,4589920,241575,2101
2023/01/01 05:00:00+00,Weekday,20,Green Line,1996585,99829,2102
2022/10/01 04:00:00+00,Total,31,Mattapan Line,88654,2860,2103
2022/12/01 05:00:00+00,Weekday,21,Red Line,2474876,117851,2104
2022/09/01 04:00:00+00,Total,30,Blue Line,1317882,43929,2105
2022/12/01 05:00:00+00,Total,31,The RIDE,83404,2690,2106
2023/02/01 05:00:00+00,Weekday,19,Private Bus,38755,2040,2107
2023/01/01 05:00:00+00,Weekday,20,Mattapan Line,66583,3329,2108
2022/10/01 04:00:00+00,Total,31,Light Rail,3545754,114379,2109
2022/12/01 05:00:00+00,Weekday,21,Heavy Rail,5302281,252490,2110
2022/09/01 04:00:00+00,Total,30,Orange Line,1375056,45835,2111
2022/09/01 04:00:00+00,Total,30,Red Line,3637251,121242,2112
2022/09/01 04:00:00+00,Total,30,Heavy Rail,6330189,211006,2113
2022/09/01 04:00:00+00,Total,30,Green Line,3454280,115143,2114
2022/09/01 04:00:00+00,Total,30,Mattapan Line,104519,3484,2115
2022/09/01 04:00:00+00,Total,30,Light Rail,3558798,118627,2116
2022/09/01 04:00:00+00,Total,30,Silver Line,743786,24793,2117
2022/09/01 04:00:00+00,Total,30,Bus,6616814,220560,2118
2022/09/01 04:00:00+00,Total,30,Private Bus,50750,1692,2119
2022/09/01 04:00:00+00,Total,30,All Bus,7411350,247045,2120
2022/09/01 04:00:00+00,Total,30,Commuter Rail,1955305,65177,2121
2022/09/01 04:00:00+00,Total,30,Ferry,92489,3083,2122
2022/09/01 04:00:00+00,Total,30,The RIDE,88976,2966,2123
2022/08/01 04:00:00+00,Weekday,23,Blue Line,971488,42239,2124
2022/08/01 04:00:00+00,Weekday,23,Orange Line,1565944,68085,2125
2022/08/01 04:00:00+00,Weekday,23,Red Line,2882976,125347,2126
2022/08/01 04:00:00+00,Weekday,23,Heavy Rail,5420408,235670,2127
2022/08/01 04:00:00+00,Weekday,23,Green Line,2432333,105754,2128
2022/08/01 04:00:00+00,Weekday,23,Mattapan Line,79701,3465,2129
2022/08/01 04:00:00+00,Weekday,23,Light Rail,2512034,109219,2130
2022/08/01 04:00:00+00,Weekday,23,Silver Line,631876,27473,2131
2022/08/01 04:00:00+00,Weekday,23,Bus,5297690,230334,2132
2022/08/01 04:00:00+00,Weekday,23,Private Bus,46742,2032,2133
2022/08/01 04:00:00+00,Weekday,23,All Bus,5976308,259839,2134
2022/08/01 04:00:00+00,Weekday,23,Commuter Rail,1717271,74664,2135
2022/08/01 04:00:00+00,Weekday,23,Ferry,91008,3957,2136
2022/08/01 04:00:00+00,Weekday,23,The RIDE,76245,3315,2137
2022/08/01 04:00:00+00,Saturday,4,Blue Line,142885,35721,2138
2022/08/01 04:00:00+00,Saturday,4,Orange Line,161678,40420,2139
2022/08/01 04:00:00+00,Saturday,4,Red Line,339688,84922,2140
2022/08/01 04:00:00+00,Saturday,4,Heavy Rail,644251,161063,2141
2022/08/01 04:00:00+00,Saturday,4,Green Line,351695,87924,2142
2022/08/01 04:00:00+00,Saturday,4,Mattapan Line,8014,2004,2143
2022/08/01 04:00:00+00,Saturday,4,Light Rail,359710,89928,2144
2022/08/01 04:00:00+00,Saturday,4,Silver Line,79165,19791,2145
2022/08/01 04:00:00+00,Saturday,4,Bus,586350,146588,2146
2022/08/01 04:00:00+00,Saturday,4,Private Bus,5066,1266,2147
2022/08/01 04:00:00+00,Saturday,4,All Bus,670582,167646,2148
2022/08/01 04:00:00+00,Saturday,4,Commuter Rail,84383,21096,2149
2022/08/01 04:00:00+00,Saturday,4,The RIDE,7044,1761,2150
2022/08/01 04:00:00+00,Sunday,4,Blue Line,114180,28545,2151
2022/11/01 04:00:00+00,Weekday,21,Blue Line,930128,44292,2152
2022/10/01 04:00:00+00,Total,31,Silver Line,758539,24469,2153
2023/02/01 05:00:00+00,Weekday,19,All Bus,5094410,268127,2154
2023/01/01 05:00:00+00,Weekday,20,Light Rail,2063168,103158,2155
2022/11/01 04:00:00+00,Weekday,21,Orange Line,2187460,104165,2156
2022/10/01 04:00:00+00,Total,31,Bus,6775570,218567,2157
2023/02/01 05:00:00+00,Weekday,19,Commuter Rail,1531884,80625,2158
2022/12/01 05:00:00+00,Weekday,21,Green Line,2183221,103963,2159
2023/01/01 05:00:00+00,Weekday,20,Silver Line,505262,25263,2160
2022/11/01 04:00:00+00,Weekday,21,Red Line,2828740,134702,2161
2022/10/01 04:00:00+00,Total,31,Private Bus,58007,1871,2162
2023/02/01 05:00:00+00,Weekday,19,Ferry,48789,2568,2163
2022/12/01 05:00:00+00,Weekday,21,Mattapan Line,65743,3131,2164
2023/01/01 05:00:00+00,Weekday,20,Bus,4843446,242172,2165
2022/11/01 04:00:00+00,Weekday,21,Heavy Rail,5946329,283159,2166
2022/10/01 04:00:00+00,Total,31,All Bus,7592116,244907,2167
2023/02/01 05:00:00+00,Weekday,19,The RIDE,66080,3478,2168
2022/12/01 05:00:00+00,Weekday,21,Light Rail,2248964,107094,2169
2023/01/01 05:00:00+00,Weekday,20,All Bus,5348709,267435,2170
2022/11/01 04:00:00+00,Weekday,21,Green Line,2464968,117379,2171
2022/10/01 04:00:00+00,Total,31,Commuter Rail,2105849,67931,2172
2023/02/01 05:00:00+00,Saturday,4,Blue Line,111598,27900,2173
2022/12/01 05:00:00+00,Weekday,21,Silver Line,515883,24566,2174
2023/01/01 05:00:00+00,Weekday,20,Commuter Rail,1596671,79834,2175
2022/11/01 04:00:00+00,Weekday,21,Mattapan Line,75906,3615,2176
2022/10/01 04:00:00+00,Total,31,Ferry,79689,2571,2177
2023/02/01 05:00:00+00,Saturday,4,Orange Line,178252,44563,2178
2022/12/01 05:00:00+00,Weekday,21,Bus,4733062,225384,2179
2023/01/01 05:00:00+00,Weekday,20,Ferry,44087,2204,2180
2022/11/01 04:00:00+00,Weekday,21,Light Rail,2540875,120994,2181
2022/10/01 04:00:00+00,Total,31,The RIDE,89414,2884,2182
2023/02/01 05:00:00+00,Saturday,4,Red Line,244335,61084,2183
2022/12/01 05:00:00+00,Weekday,21,Private Bus,44709,2129,2184
2023/01/01 05:00:00+00,Weekday,20,The RIDE,70378,3519,2185
2022/11/01 04:00:00+00,Weekday,21,Silver Line,581329,27682,2186
2022/09/01 04:00:00+00,Weekday,21,Blue Line,1013280,48251,2187
2023/02/01 05:00:00+00,Saturday,4,Heavy Rail,534184,133546,2188
2022/12/01 05:00:00+00,Weekday,21,All Bus,5293654,252079,2189
2023/01/01 05:00:00+00,Saturday,4,Blue Line,124228,31057,2190
2022/11/01 04:00:00+00,Weekday,21,Bus,5293748,252083,2191
2022/09/01 04:00:00+00,Weekday,21,Orange Line,1184230,56392,2192
2023/02/01 05:00:00+00,Saturday,4,Green Line,324372,81093,2193
2022/12/01 05:00:00+00,Weekday,21,Commuter Rail,1541928,73425,2194
2023/01/01 05:00:00+00,Saturday,4,Orange Line,217786,54446,2195
2022/11/01 04:00:00+00,Weekday,21,Private Bus,47856,2279,2196
2022/09/01 04:00:00+00,Weekday,21,Red Line,2929320,139491,2197
2023/02/01 05:00:00+00,Saturday,4,Mattapan Line,6027,1507,2198
2022/12/01 05:00:00+00,Weekday,21,Ferry,48765,2322,2199
2023/01/01 05:00:00+00,Saturday,4,Red Line,288066,72016,2200
2022/11/01 04:00:00+00,Weekday,21,All Bus,5922933,282044,2201
2022/09/01 04:00:00+00,Weekday,21,Heavy Rail,5126830,244135,2202
2023/02/01 05:00:00+00,Saturday,4,Light Rail,330399,82600,2203
2022/12/01 05:00:00+00,Weekday,21,The RIDE,69212,3296,2204
2023/01/01 05:00:00+00,Saturday,4,Heavy Rail,630080,157520,2205
2023/01/01 05:00:00+00,Saturday,4,Green Line,332225,83056,2206
2023/01/01 05:00:00+00,Saturday,4,Mattapan Line,5053,1263,2207
2023/01/01 05:00:00+00,Saturday,4,Light Rail,337277,84319,2208
2023/01/01 05:00:00+00,Saturday,4,Silver Line,84700,21175,2209
2023/01/01 05:00:00+00,Saturday,4,Bus,658938,164734,2210
2023/01/01 05:00:00+00,Saturday,4,All Bus,743638,185910,2211
2023/01/01 05:00:00+00,Saturday,4,Commuter Rail,99480,24870,2212
2023/01/01 05:00:00+00,Saturday,4,Ferry,1047,262,2213
2023/01/01 05:00:00+00,Saturday,4,The RIDE,6840,1710,2214
2023/01/01 05:00:00+00,Sunday,5,Blue Line,111763,22353,2215
2023/01/01 05:00:00+00,Sunday,5,Orange Line,185568,37114,2216
2023/01/01 05:00:00+00,Sunday,5,Red Line,251977,50395,2217
2023/01/01 05:00:00+00,Sunday,5,Heavy Rail,549309,109862,2218
2023/01/01 05:00:00+00,Sunday,5,Green Line,272434,54487,2219
2023/01/01 05:00:00+00,Sunday,5,Mattapan Line,4133,827,2220
2023/01/01 05:00:00+00,Sunday,5,Light Rail,276567,55313,2221
2023/01/01 05:00:00+00,Sunday,5,Silver Line,85628,17126,2222
2023/01/01 05:00:00+00,Sunday,5,Bus,524052,104810,2223
2023/01/01 05:00:00+00,Sunday,5,All Bus,609680,121936,2224
2023/01/01 05:00:00+00,Sunday,4,Commuter Rail,71181,17795,2225
2023/01/01 05:00:00+00,Sunday,4,Ferry,796,199,2226
2023/01/01 05:00:00+00,Sunday,5,The RIDE,6480,1296,2227
2023/01/01 05:00:00+00,Total,31,Blue Line,1105519,35662,2228
2023/01/01 05:00:00+00,Total,31,Orange Line,2471445,79724,2229
2023/01/01 05:00:00+00,Total,31,Red Line,3109773,100315,2230
2023/01/01 05:00:00+00,Total,31,Heavy Rail,6686737,215701,2231
2023/01/01 05:00:00+00,Total,31,Green Line,2726477,87951,2232
2023/01/01 05:00:00+00,Total,31,Mattapan Line,78723,2539,2233
2023/01/01 05:00:00+00,Total,31,Light Rail,2805200,90490,2234
2022/11/01 04:00:00+00,Weekday,21,Commuter Rail,1675246,79774,2235
2022/09/01 04:00:00+00,Weekday,21,Green Line,2655913,126472,2236
2022/12/01 05:00:00+00,Saturday,5,Blue Line,140983,28197,2237
2022/11/01 04:00:00+00,Weekday,21,Ferry,60994,2904,2238
2023/02/01 05:00:00+00,Saturday,4,Silver Line,77304,19326,2239
2022/09/01 04:00:00+00,Weekday,21,Mattapan Line,88529,4216,2240
2022/12/01 05:00:00+00,Saturday,5,Orange Line,277884,55577,2241
2022/11/01 04:00:00+00,Weekday,21,The RIDE,72490,3452,2242
2023/02/01 05:00:00+00,Saturday,4,Bus,629420,157355,2243
2022/09/01 04:00:00+00,Weekday,21,Light Rail,2744442,130688,2244
2022/12/01 05:00:00+00,Saturday,5,Red Line,297809,59562,2245
2022/11/01 04:00:00+00,Saturday,4,Blue Line,145311,36328,2246
2023/02/01 05:00:00+00,Saturday,4,Private Bus,5507,1377,2247
2022/09/01 04:00:00+00,Weekday,21,Silver Line,600894,28614,2248
2022/12/01 05:00:00+00,Saturday,5,Heavy Rail,716675,143335,2249
2022/11/01 04:00:00+00,Saturday,4,Orange Line,289501,72375,2250
2023/02/01 05:00:00+00,Saturday,4,All Bus,712232,178058,2251
2022/09/01 04:00:00+00,Weekday,21,Bus,5508602,262314,2252
2022/12/01 05:00:00+00,Saturday,5,Green Line,377844,75569,2253
2022/11/01 04:00:00+00,Saturday,4,Red Line,347979,86995,2254
2023/02/01 05:00:00+00,Saturday,4,Commuter Rail,83538,20884,2255
2022/09/01 04:00:00+00,Weekday,21,Private Bus,47679,2270,2256
2022/12/01 05:00:00+00,Saturday,5,Mattapan Line,4140,828,2257
2022/11/01 04:00:00+00,Saturday,4,Heavy Rail,782791,195698,2258
2023/02/01 05:00:00+00,Saturday,4,The RIDE,6220,1555,2259
2022/09/01 04:00:00+00,Weekday,21,All Bus,6157176,293199,2260
2022/12/01 05:00:00+00,Saturday,5,Light Rail,381985,76397,2261
2022/11/01 04:00:00+00,Saturday,4,Green Line,386128,96532,2262
2023/02/01 05:00:00+00,Sunday,4,Blue Line,98406,24602,2263
2022/09/01 04:00:00+00,Weekday,21,Commuter Rail,1731028,82430,2264
2022/12/01 05:00:00+00,Saturday,5,Silver Line,87440,17488,2265
2022/11/01 04:00:00+00,Saturday,4,Mattapan Line,5274,1318,2266
2023/02/01 05:00:00+00,Sunday,4,Orange Line,159974,39994,2267
2022/09/01 04:00:00+00,Weekday,21,Ferry,75126,3577,2268
2022/12/01 05:00:00+00,Saturday,5,Bus,611800,122360,2269
2022/11/01 04:00:00+00,Saturday,4,Light Rail,391402,97850,2270
2023/02/01 05:00:00+00,Sunday,4,Red Line,217472,54368,2271
2022/09/01 04:00:00+00,Weekday,21,The RIDE,75614,3601,2272
2022/12/01 05:00:00+00,Saturday,5,Private Bus,5236,1047,2273
2022/11/01 04:00:00+00,Saturday,4,Silver Line,78119,19530,2274
2023/02/01 05:00:00+00,Sunday,4,Heavy Rail,475852,118963,2275
2022/09/01 04:00:00+00,Saturday,4,Blue Line,158268,39567,2276
2022/12/01 05:00:00+00,Saturday,5,All Bus,704476,140895,2277
2022/11/01 04:00:00+00,Saturday,4,Bus,588534,147134,2278
2023/02/01 05:00:00+00,Sunday,4,Green Line,281988,70497,2279
2022/09/01 04:00:00+00,Saturday,4,Orange Line,106840,26710,2280
2022/12/01 05:00:00+00,Saturday,5,Commuter Rail,126361,25272,2281
2022/11/01 04:00:00+00,Saturday,4,Private Bus,5065,1266,2282
2023/02/01 05:00:00+00,Sunday,4,Mattapan Line,4472,1118,2283
2022/09/01 04:00:00+00,Saturday,4,Red Line,373938,93484,2284
2022/12/01 05:00:00+00,Saturday,5,The RIDE,8445,1689,2285
2022/11/01 04:00:00+00,Saturday,4,All Bus,671717,167929,2286
2023/02/01 05:00:00+00,Sunday,4,Light Rail,286460,71615,2287
2022/09/01 04:00:00+00,Saturday,4,Heavy Rail,639046,159762,2288
2022/12/01 05:00:00+00,Sunday,4,Blue Line,84800,21200,2289
2022/11/01 04:00:00+00,Saturday,4,Commuter Rail,128518,32130,2290
2023/02/01 05:00:00+00,Sunday,4,Silver Line,53508,13377,2291
2022/09/01 04:00:00+00,Saturday,4,Green Line,416596,104149,2292
2022/12/01 05:00:00+00,Sunday,4,Orange Line,167997,41999,2293
2022/11/01 04:00:00+00,Saturday,4,The RIDE,6688,1672,2294
2023/02/01 05:00:00+00,Sunday,4,Bus,372739,93185,2295
2022/09/01 04:00:00+00,Saturday,4,Mattapan Line,8552,2138,2296
2022/12/01 05:00:00+00,Sunday,4,Red Line,177588,44397,2297
2022/11/01 04:00:00+00,Sunday,4,Blue Line,104901,26225,2298
2022/11/01 04:00:00+00,Sunday,4,Orange Line,204346,51086,2299
2022/11/01 04:00:00+00,Sunday,4,Red Line,247805,61951,2300
2022/11/01 04:00:00+00,Sunday,4,Heavy Rail,557053,139263,2301
2022/11/01 04:00:00+00,Sunday,4,Green Line,281833,70458,2302
2022/11/01 04:00:00+00,Sunday,4,Mattapan Line,3468,867,2303
2022/11/01 04:00:00+00,Sunday,4,Light Rail,285300,71325,2304
2022/11/01 04:00:00+00,Sunday,4,Silver Line,73769,18442,2305
2022/11/01 04:00:00+00,Sunday,4,Bus,430173,107543,2306
2022/11/01 04:00:00+00,Sunday,4,Private Bus,3492,873,2307
2022/11/01 04:00:00+00,Sunday,4,All Bus,507434,126858,2308
2022/11/01 04:00:00+00,Sunday,4,Commuter Rail,91650,22912,2309
2022/11/01 04:00:00+00,Sunday,4,The RIDE,5780,1445,2310
2023/02/01 05:00:00+00,Sunday,4,Private Bus,2973,743,2311
2022/09/01 04:00:00+00,Saturday,4,Light Rail,425149,106287,2312
2023/02/01 05:00:00+00,Sunday,4,All Bus,429220,107305,2313
2022/12/01 05:00:00+00,Sunday,4,Heavy Rail,430385,107596,2314
2022/09/01 04:00:00+00,Saturday,4,Silver Line,77922,19480,2315
2023/02/01 05:00:00+00,Sunday,4,Commuter Rail,62386,15596,2316
2022/12/01 05:00:00+00,Sunday,4,Green Line,229721,57430,2317
2022/09/01 04:00:00+00,Saturday,4,Bus,619520,154880,2318
2023/02/01 05:00:00+00,Sunday,4,The RIDE,5880,1470,2319
2022/12/01 05:00:00+00,Sunday,4,Mattapan Line,1511,378,2320
2022/09/01 04:00:00+00,Saturday,4,Private Bus,5508,1377,2321
2023/02/01 05:00:00+00,Total,28,Blue Line,1063319,37976,2322
2022/12/01 05:00:00+00,Sunday,4,Light Rail,231232,57808,2323
2022/09/01 04:00:00+00,Saturday,4,All Bus,702951,175738,2324
2023/02/01 05:00:00+00,Total,28,Orange Line,2279401,81407,2325
2022/12/01 05:00:00+00,Sunday,4,Silver Line,62632,15658,2326
2022/09/01 04:00:00+00,Saturday,4,Commuter Rail,118024,29506,2327
2023/02/01 05:00:00+00,Total,28,Red Line,2871170,102542,2328
2022/12/01 05:00:00+00,Sunday,4,Bus,366294,91574,2329
2022/09/01 04:00:00+00,Saturday,4,The RIDE,7412,1853,2330
2023/02/01 05:00:00+00,Total,28,Heavy Rail,6213890,221925,2331
2022/12/01 05:00:00+00,Sunday,4,Private Bus,3120,780,2332
2022/09/01 04:00:00+00,Sunday,4,Blue Line,120692,30173,2333
2023/02/01 05:00:00+00,Total,28,Green Line,2921889,104353,2334
2022/12/01 05:00:00+00,Sunday,4,All Bus,432046,108012,2335
2022/09/01 04:00:00+00,Sunday,4,Orange Line,76276,19069,2336
2023/02/01 05:00:00+00,Total,28,Mattapan Line,75883,2710,2337
2022/12/01 05:00:00+00,Sunday,4,Commuter Rail,70967,17742,2338
2022/09/01 04:00:00+00,Sunday,4,Red Line,280764,70191,2339
2023/02/01 05:00:00+00,Total,28,Light Rail,2997773,107063,2340
2022/12/01 05:00:00+00,Sunday,4,The RIDE,5740,1435,2341
2022/09/01 04:00:00+00,Sunday,4,Heavy Rail,477731,119433,2342
2023/02/01 05:00:00+00,Total,28,Silver Line,596547,21305,2343
2022/12/01 05:00:00+00,Total,31,Blue Line,1096139,35359,2344
2022/09/01 04:00:00+00,Sunday,4,Green Line,316002,79000,2345
2023/02/01 05:00:00+00,Total,28,Bus,5592079,199717,2346
2022/12/01 05:00:00+00,Total,31,Orange Line,2466131,79553,2347
2023/02/01 05:00:00+00,Total,28,Private Bus,47236,1687,2348
2022/12/01 05:00:00+00,Total,31,Red Line,2993597,96568,2349
2022/12/01 05:00:00+00,Total,31,Heavy Rail,6555867,211480,2350
2022/08/01 04:00:00+00,Sunday,4,Orange Line,120488,30122,2351
2022/08/01 04:00:00+00,Sunday,4,Red Line,265649,66412,2352
2022/08/01 04:00:00+00,Sunday,4,Heavy Rail,500318,125080,2353
2022/08/01 04:00:00+00,Sunday,4,Green Line,275482,68870,2354
2022/08/01 04:00:00+00,Sunday,4,Mattapan Line,5776,1444,2355
2022/08/01 04:00:00+00,Sunday,4,Light Rail,281258,70314,2356
2022/08/01 04:00:00+00,Sunday,4,Silver Line,68170,17042,2357
2022/08/01 04:00:00+00,Sunday,4,Bus,403054,100764,2358
2022/08/01 04:00:00+00,Sunday,4,Private Bus,3235,809,2359
2022/08/01 04:00:00+00,Sunday,4,All Bus,474459,118615,2360
2022/08/01 04:00:00+00,Sunday,4,Commuter Rail,74226,18556,2361
2022/08/01 04:00:00+00,Sunday,4,The RIDE,5968,1492,2362
2022/08/01 04:00:00+00,Total,31,Blue Line,1228553,39631,2363
2022/08/01 04:00:00+00,Total,31,Orange Line,1848111,59616,2364
2022/08/01 04:00:00+00,Total,31,Red Line,3488313,112526,2365
2022/08/01 04:00:00+00,Total,31,Heavy Rail,6564977,211773,2366
2022/08/01 04:00:00+00,Total,31,Green Line,3059510,98694,2367
2022/08/01 04:00:00+00,Total,31,Mattapan Line,93492,3016,2368
2022/08/01 04:00:00+00,Total,31,Light Rail,3153001,101710,2369
2022/08/01 04:00:00+00,Total,31,Silver Line,779211,25136,2370
2022/08/01 04:00:00+00,Total,31,Bus,6287095,202810,2371
2022/08/01 04:00:00+00,Total,31,Private Bus,54961,1773,2372
2022/08/01 04:00:00+00,Total,31,All Bus,7121267,229718,2373
2022/08/01 04:00:00+00,Total,31,Commuter Rail,1875880,60512,2374
2022/08/01 04:00:00+00,Total,31,Ferry,113439,3659,2375
2022/08/01 04:00:00+00,Total,31,The RIDE,89273,2880,2376
2022/07/01 04:00:00+00,Weekday,20,Blue Line,860415,43021,2377
2022/07/01 04:00:00+00,Weekday,20,Orange Line,1996881,99844,2378
2022/07/01 04:00:00+00,Weekday,20,Red Line,2657985,132899,2379
2022/07/01 04:00:00+00,Weekday,20,Heavy Rail,5515281,275764,2380
2022/07/01 04:00:00+00,Weekday,20,Green Line,2326747,116337,2381
2022/07/01 04:00:00+00,Weekday,20,Mattapan Line,70301,3515,2382
2022/07/01 04:00:00+00,Weekday,20,Light Rail,2397048,119852,2383
2022/07/01 04:00:00+00,Weekday,20,Silver Line,534787,26739,2384
2022/07/01 04:00:00+00,Weekday,20,Bus,4625947,231297,2385
2022/07/01 04:00:00+00,Weekday,20,Private Bus,42432,2122,2386
2022/07/01 04:00:00+00,Weekday,20,All Bus,5203166,260158,2387
2022/07/01 04:00:00+00,Weekday,20,Commuter Rail,1352286,67614,2388
2022/07/01 04:00:00+00,Weekday,20,Ferry,82336,4117,2389
2022/07/01 04:00:00+00,Weekday,20,The RIDE,67032,3352,2390
2022/07/01 04:00:00+00,Saturday,5,Blue Line,176821,35364,2391
2022/07/01 04:00:00+00,Saturday,5,Orange Line,327036,65407,2392
2022/07/01 04:00:00+00,Saturday,5,Red Line,370225,74045,2393
2022/07/01 04:00:00+00,Saturday,5,Heavy Rail,874082,174816,2394
2022/07/01 04:00:00+00,Saturday,5,Green Line,453024,90605,2395
2022/07/01 04:00:00+00,Saturday,5,Mattapan Line,7319,1464,2396
2022/07/01 04:00:00+00,Saturday,5,Light Rail,460343,92069,2397
2022/07/01 04:00:00+00,Saturday,5,Silver Line,90042,18008,2398
2022/07/01 04:00:00+00,Saturday,5,Bus,714465,142893,2399
2022/07/01 04:00:00+00,Saturday,5,Private Bus,5996,1199,2400
2022/06/01 04:00:00+00,Saturday,4,Bus,580894,145224,2401
2022/06/01 04:00:00+00,Saturday,4,Private Bus,4894,1224,2402
2022/06/01 04:00:00+00,Saturday,4,All Bus,659915,164979,2403
2022/06/01 04:00:00+00,Saturday,4,Commuter Rail,89852,22463,2404
2022/06/01 04:00:00+00,Saturday,4,The RIDE,7488,1872,2405
2022/06/01 04:00:00+00,Sunday,4,Blue Line,100278,25070,2406
2022/06/01 04:00:00+00,Sunday,4,Orange Line,202464,50616,2407
2022/06/01 04:00:00+00,Sunday,4,Red Line,248253,62063,2408
2022/06/01 04:00:00+00,Sunday,4,Heavy Rail,550995,137749,2409
2022/06/01 04:00:00+00,Sunday,4,Green Line,231234,57808,2410
2022/06/01 04:00:00+00,Sunday,4,Light Rail,231234,57808,2411
2022/06/01 04:00:00+00,Sunday,4,Silver Line,63267,15817,2412
2022/06/01 04:00:00+00,Sunday,4,Bus,380256,95064,2413
2022/06/01 04:00:00+00,Sunday,4,Private Bus,2852,713,2414
2022/06/01 04:00:00+00,Sunday,4,All Bus,446375,111594,2415
2022/06/01 04:00:00+00,Sunday,4,Commuter Rail,83728,20932,2416
2022/06/01 04:00:00+00,Sunday,4,The RIDE,5880,1470,2417
2022/06/01 04:00:00+00,Total,30,Blue Line,1152060,38402,2418
2022/06/01 04:00:00+00,Total,30,Orange Line,2869831,95661,2419
2022/06/01 04:00:00+00,Total,30,Red Line,3431343,114378,2420
2022/06/01 04:00:00+00,Total,30,Heavy Rail,7453234,248441,2421
2022/06/01 04:00:00+00,Total,30,Green Line,2711185,90373,2422
2022/06/01 04:00:00+00,Total,30,Light Rail,2711185,90373,2423
2022/06/01 04:00:00+00,Total,30,Silver Line,710409,23680,2424
2022/06/01 04:00:00+00,Total,30,Bus,6237320,207911,2425
2022/06/01 04:00:00+00,Total,30,Private Bus,53327,1778,2426
2022/06/01 04:00:00+00,Total,30,All Bus,7001056,233369,2427
2022/06/01 04:00:00+00,Total,30,Commuter Rail,1629720,54324,2428
2022/06/01 04:00:00+00,Total,30,Ferry,86766,2892,2429
2022/06/01 04:00:00+00,Total,30,The RIDE,87237,2908,2430
2022/05/01 04:00:00+00,Weekday,21,Blue Line,600224,28582,2431
2022/05/01 04:00:00+00,Weekday,21,Orange Line,2204981,104999,2432
2022/05/01 04:00:00+00,Weekday,21,Red Line,2702706,128700,2433
2022/05/01 04:00:00+00,Weekday,21,Heavy Rail,5507911,262281,2434
2022/05/01 04:00:00+00,Weekday,21,Green Line,2034787,96895,2435
2022/05/01 04:00:00+00,Weekday,21,Light Rail,2034787,96895,2436
2022/05/01 04:00:00+00,Weekday,21,Silver Line,570479,27166,2437
2022/05/01 04:00:00+00,Weekday,21,Bus,5126095,244100,2438
2022/05/01 04:00:00+00,Weekday,21,Private Bus,39923,1901,2439
2022/05/01 04:00:00+00,Weekday,21,All Bus,5736497,273167,2440
2022/05/01 04:00:00+00,Weekday,21,Commuter Rail,1316186,62676,2441
2022/05/01 04:00:00+00,Weekday,21,Ferry,55231,2630,2442
2022/05/01 04:00:00+00,Weekday,21,The RIDE,71654,3412,2443
2022/05/01 04:00:00+00,Saturday,4,Blue Line,95059,23765,2444
2022/05/01 04:00:00+00,Saturday,4,Orange Line,287566,71892,2445
2022/05/01 04:00:00+00,Saturday,4,Red Line,356344,89086,2446
2022/05/01 04:00:00+00,Saturday,4,Heavy Rail,738968,184742,2447
2022/05/01 04:00:00+00,Saturday,4,Green Line,327836,81959,2448
2022/05/01 04:00:00+00,Saturday,4,Light Rail,327836,81959,2449
2022/05/01 04:00:00+00,Saturday,4,Silver Line,75484,18871,2450
2022/03/01 05:00:00+00,Saturday,4,Silver Line,62877,15719,2451
2022/03/01 05:00:00+00,Saturday,4,Bus,494169,123542,2452
2022/03/01 05:00:00+00,Saturday,4,Trackless Trolley,4131,1033,2453
2022/03/01 05:00:00+00,Saturday,4,Private Bus,3870,968,2454
2022/03/01 05:00:00+00,Saturday,4,All Bus,565048,141262,2455
2022/03/01 05:00:00+00,Saturday,4,Commuter Rail,75641,18910,2456
2022/03/01 05:00:00+00,Saturday,4,The RIDE,6412,1603,2457
2022/03/01 05:00:00+00,Sunday,4,Blue Line,89801,22450,2458
2022/03/01 05:00:00+00,Sunday,4,Orange Line,179882,44970,2459
2022/03/01 05:00:00+00,Sunday,4,Red Line,241436,60359,2460
2022/03/01 05:00:00+00,Sunday,4,Heavy Rail,511118,127780,2461
2022/03/01 05:00:00+00,Sunday,4,Green Line,239219,59805,2462
2022/03/01 05:00:00+00,Sunday,4,Light Rail,239219,59805,2463
2022/03/01 05:00:00+00,Sunday,4,Silver Line,57068,14267,2464
2022/03/01 05:00:00+00,Sunday,4,Bus,344709,86177,2465
2022/03/01 05:00:00+00,Sunday,4,Private Bus,2206,552,2466
2022/03/01 05:00:00+00,Sunday,4,All Bus,403984,100996,2467
2022/03/01 05:00:00+00,Sunday,4,Commuter Rail,84278,21070,2468
2022/03/01 05:00:00+00,Sunday,4,The RIDE,4992,1248,2469
2022/03/01 05:00:00+00,Total,31,Blue Line,1112833,35898,2470
2022/03/01 05:00:00+00,Total,31,Orange Line,2777631,89601,2471
2022/03/01 05:00:00+00,Total,31,Red Line,3359469,108370,2472
2022/03/01 05:00:00+00,Total,31,Heavy Rail,7249933,233869,2473
2022/03/01 05:00:00+00,Total,31,Green Line,2861864,92318,2474
2022/03/01 05:00:00+00,Total,31,Light Rail,2861864,92318,2475
2022/03/01 05:00:00+00,Total,31,Silver Line,669664,21602,2476
2022/03/01 05:00:00+00,Total,31,Bus,6263374,202044,2477
2022/03/01 05:00:00+00,Total,31,Trackless Trolley,50129,1617,2478
2022/03/01 05:00:00+00,Total,31,Private Bus,46384,1496,2479
2022/03/01 05:00:00+00,Total,31,All Bus,7029550,226760,2480
2022/03/01 05:00:00+00,Total,31,Commuter Rail,1489943,48063,2481
2022/03/01 05:00:00+00,Total,31,Ferry,47624,1536,2482
2022/03/01 05:00:00+00,Total,31,The RIDE,87827,2833,2483
2022/02/01 05:00:00+00,Weekday,19,Blue Line,678309,35700,2484
2022/02/01 05:00:00+00,Weekday,19,Orange Line,1805723,95038,2485
2022/07/01 04:00:00+00,Saturday,5,All Bus,810504,162101,2486
2022/02/01 05:00:00+00,Saturday,4,Heavy Rail,640459,160115,2487
2022/02/01 05:00:00+00,Weekday,19,Red Line,2055200,108168,2488
2022/02/01 05:00:00+00,Weekday,19,Heavy Rail,4539232,238907,2489
2022/02/01 05:00:00+00,Weekday,19,Green Line,1788066,94109,2490
2022/02/01 05:00:00+00,Weekday,19,Light Rail,1788066,94109,2491
2022/02/01 05:00:00+00,Weekday,19,Silver Line,397402,20916,2492
2022/01/01 05:00:00+00,Saturday,4,Blue Line,67513,16878,2493
2022/02/01 05:00:00+00,Weekday,19,Bus,4030462,212130,2494
2022/02/01 05:00:00+00,Weekday,19,Trackless Trolley,89529,4712,2495
2022/02/01 05:00:00+00,Weekday,19,Private Bus,32789,1726,2496
2022/02/01 05:00:00+00,Weekday,19,All Bus,4550182,239483,2497
2022/02/01 05:00:00+00,Weekday,19,Commuter Rail,846107,44532,2498
2022/02/01 05:00:00+00,Weekday,19,Ferry,23784,1252,2499
2022/02/01 05:00:00+00,Weekday,19,The RIDE,56920,2996,2500
2022/02/01 05:00:00+00,Saturday,4,Blue Line,106455,26614,2501
2022/02/01 05:00:00+00,Saturday,4,Orange Line,240159,60040,2502
2022/02/01 05:00:00+00,Saturday,4,Red Line,293846,73462,2503
2021/12/01 05:00:00+00,Weekday,23,The RIDE,64676,2812,2504
2022/04/01 04:00:00+00,Saturday,5,Bus,695424,139085,2505
2022/05/01 04:00:00+00,Saturday,4,Bus,557991,139498,2506
2021/12/01 05:00:00+00,Saturday,4,Blue Line,89255,22314,2507
2022/07/01 04:00:00+00,Saturday,5,Commuter Rail,107927,21585,2508
2022/02/01 05:00:00+00,Saturday,4,Green Line,313493,78373,2509
2022/05/01 04:00:00+00,Saturday,4,Private Bus,4287,1072,2510
2021/12/01 05:00:00+00,Saturday,4,Orange Line,210365,52591,2511
2022/04/01 04:00:00+00,Saturday,5,Private Bus,5120,1024,2512
2022/01/01 05:00:00+00,Saturday,4,Orange Line,154754,38688,2513
2022/07/01 04:00:00+00,Saturday,5,The RIDE,8395,1679,2514
2022/02/01 05:00:00+00,Saturday,4,Light Rail,313493,78373,2515
2022/05/01 04:00:00+00,Saturday,4,All Bus,637762,159440,2516
2021/12/01 05:00:00+00,Saturday,4,Red Line,212319,53080,2517
2022/04/01 04:00:00+00,Saturday,5,All Bus,787752,157550,2518
2022/01/01 05:00:00+00,Saturday,4,Red Line,163398,40850,2519
2022/07/01 04:00:00+00,Sunday,5,Blue Line,143547,28709,2520
2022/02/01 05:00:00+00,Saturday,4,Silver Line,70938,17734,2521
2022/05/01 04:00:00+00,Saturday,4,Commuter Rail,88664,22166,2522
2021/12/01 05:00:00+00,Saturday,4,Heavy Rail,511938,127984,2523
2022/04/01 04:00:00+00,Saturday,5,Commuter Rail,112961,22592,2524
2022/01/01 05:00:00+00,Saturday,4,Heavy Rail,385664,96416,2525
2022/07/01 04:00:00+00,Sunday,5,Orange Line,235265,47053,2526
2022/02/01 05:00:00+00,Saturday,4,Bus,608613,152153,2527
2022/05/01 04:00:00+00,Saturday,4,The RIDE,7080,1770,2528
2021/12/01 05:00:00+00,Saturday,4,Green Line,233564,58391,2529
2022/04/01 04:00:00+00,Saturday,5,The RIDE,8645,1729,2530
2022/01/01 05:00:00+00,Saturday,4,Green Line,174779,43695,2531
2022/07/01 04:00:00+00,Sunday,5,Red Line,293878,58776,2532
2022/02/01 05:00:00+00,Saturday,4,Trackless Trolley,12091,3023,2533
2022/05/01 04:00:00+00,Sunday,5,Blue Line,86852,17370,2534
2021/12/01 05:00:00+00,Saturday,4,Light Rail,233564,58391,2535
2022/04/01 04:00:00+00,Sunday,4,Blue Line,93707,23427,2536
2022/01/01 05:00:00+00,Saturday,4,Light Rail,174779,43695,2537
2022/07/01 04:00:00+00,Sunday,5,Heavy Rail,672689,134538,2538
2022/02/01 05:00:00+00,Saturday,4,Private Bus,3554,888,2539
2022/05/01 04:00:00+00,Sunday,5,Orange Line,275535,55107,2540
2021/12/01 05:00:00+00,Saturday,4,Silver Line,75267,18817,2541
2022/04/01 04:00:00+00,Sunday,4,Orange Line,201415,50354,2542
2022/01/01 05:00:00+00,Saturday,4,Silver Line,53255,13314,2543
2022/07/01 04:00:00+00,Sunday,5,Green Line,369409,73882,2544
2022/02/01 05:00:00+00,Saturday,4,All Bus,695196,173799,2545
2022/05/01 04:00:00+00,Sunday,5,Red Line,358367,71673,2546
2021/12/01 05:00:00+00,Saturday,4,Bus,577059,144265,2547
2022/04/01 04:00:00+00,Sunday,4,Red Line,223980,55995,2548
2022/01/01 05:00:00+00,Saturday,4,Bus,424312,106078,2549
2022/07/01 04:00:00+00,Sunday,5,Mattapan Line,6621,1324,2550
2022/02/01 05:00:00+00,Saturday,4,Commuter Rail,60433,15108,2551
2022/05/01 04:00:00+00,Sunday,5,Heavy Rail,720754,144151,2552
2021/12/01 05:00:00+00,Saturday,4,Trackless Trolley,11782,2946,2553
2022/04/01 04:00:00+00,Sunday,4,Heavy Rail,519102,129776,2554
2022/01/01 05:00:00+00,Saturday,4,Trackless Trolley,9334,2334,2555
2022/07/01 04:00:00+00,Sunday,5,Light Rail,376029,75206,2556
2022/02/01 05:00:00+00,Saturday,4,The RIDE,5804,1451,2557
2022/05/01 04:00:00+00,Sunday,5,Green Line,316303,63261,2558
2021/12/01 05:00:00+00,Saturday,4,Private Bus,3757,939,2559
2022/04/01 04:00:00+00,Sunday,4,Green Line,251938,62984,2560
2022/01/01 05:00:00+00,Saturday,4,Private Bus,3752,938,2561
2022/07/01 04:00:00+00,Sunday,5,Silver Line,97114,19423,2562
2022/02/01 05:00:00+00,Sunday,4,Blue Line,75520,18880,2563
2022/05/01 04:00:00+00,Sunday,5,Light Rail,316303,63261,2564
2021/12/01 05:00:00+00,Saturday,4,All Bus,667865,166966,2565
2022/04/01 04:00:00+00,Sunday,4,Light Rail,251938,62984,2566
2022/01/01 05:00:00+00,Saturday,4,All Bus,490653,122663,2567
2022/07/01 04:00:00+00,Sunday,5,Bus,584707,116941,2568
2022/02/01 05:00:00+00,Sunday,4,Orange Line,163764,40941,2569
2022/05/01 04:00:00+00,Sunday,5,Silver Line,96694,19339,2570
2021/12/01 05:00:00+00,Saturday,4,Commuter Rail,62655,15664,2571
2022/04/01 04:00:00+00,Sunday,4,Silver Line,55108,13777,2572
2022/01/01 05:00:00+00,Saturday,4,Commuter Rail,46017,11504,2573
2022/07/01 04:00:00+00,Sunday,5,Private Bus,3698,740,2574
2022/02/01 05:00:00+00,Sunday,4,Red Line,207086,51772,2575
2022/05/01 04:00:00+00,Sunday,5,Bus,573657,114731,2576
2021/12/01 05:00:00+00,Saturday,4,The RIDE,5772,1443,2577
2022/04/01 04:00:00+00,Sunday,4,Bus,342789,85697,2578
2022/01/01 05:00:00+00,Sunday,5,Blue Line,76144,15229,2579
2022/07/01 04:00:00+00,Sunday,5,All Bus,685520,137104,2580
2022/02/01 05:00:00+00,Sunday,4,Heavy Rail,446370,111592,2581
2022/05/01 04:00:00+00,Sunday,5,Private Bus,4003,801,2582
2021/12/01 05:00:00+00,Sunday,4,Blue Line,80798,20200,2583
2022/04/01 04:00:00+00,Sunday,4,Private Bus,2239,560,2584
2022/04/01 04:00:00+00,Sunday,4,All Bus,400135,100034,2585
2022/04/01 04:00:00+00,Sunday,4,Commuter Rail,76787,19197,2586
2022/04/01 04:00:00+00,Sunday,4,The RIDE,5732,1433,2587
2022/04/01 04:00:00+00,Total,30,Blue Line,1019266,33976,2588
2022/04/01 04:00:00+00,Total,30,Orange Line,2793194,93106,2589
2022/04/01 04:00:00+00,Total,30,Red Line,3286475,109549,2590
2022/04/01 04:00:00+00,Total,30,Heavy Rail,7098934,236631,2591
2022/04/01 04:00:00+00,Total,30,Green Line,2878507,95950,2592
2022/04/01 04:00:00+00,Total,30,Light Rail,2878507,95950,2593
2022/04/01 04:00:00+00,Total,30,Silver Line,676215,22540,2594
2022/04/01 04:00:00+00,Total,30,Bus,5927733,197591,2595
2022/04/01 04:00:00+00,Total,30,Private Bus,45654,1522,2596
2022/04/01 04:00:00+00,Total,30,All Bus,6649603,221653,2597
2022/04/01 04:00:00+00,Total,30,Commuter Rail,1509267,50309,2598
2022/04/01 04:00:00+00,Total,30,Ferry,52280,1743,2599
2022/04/01 04:00:00+00,Total,30,The RIDE,83670,2789,2600
2022/03/01 05:00:00+00,Weekday,23,Blue Line,913745,39728,2601
2022/03/01 05:00:00+00,Weekday,23,Orange Line,2375081,103264,2602
2022/03/01 05:00:00+00,Weekday,23,Red Line,2838860,123429,2603
2022/03/01 05:00:00+00,Weekday,23,Heavy Rail,6127687,266421,2604
2022/03/01 05:00:00+00,Weekday,23,Green Line,2319955,100868,2605
2022/03/01 05:00:00+00,Weekday,23,Light Rail,2319955,100868,2606
2022/03/01 05:00:00+00,Weekday,23,Silver Line,549718,23901,2607
2022/03/01 05:00:00+00,Weekday,23,Bus,5424495,235848,2608
2022/03/01 05:00:00+00,Weekday,23,Trackless Trolley,45997,2000,2609
2022/03/01 05:00:00+00,Weekday,23,Private Bus,40308,1753,2610
2022/03/01 05:00:00+00,Weekday,23,All Bus,6060518,263501,2611
2022/03/01 05:00:00+00,Weekday,23,Commuter Rail,1330024,57827,2612
2022/03/01 05:00:00+00,Weekday,23,Ferry,45309,1970,2613
2022/03/01 05:00:00+00,Weekday,23,The RIDE,76406,3322,2614
2022/03/01 05:00:00+00,Saturday,4,Blue Line,109287,27322,2615
2022/03/01 05:00:00+00,Saturday,4,Orange Line,222668,55667,2616
2022/03/01 05:00:00+00,Saturday,4,Red Line,279173,69793,2617
2022/03/01 05:00:00+00,Saturday,4,Heavy Rail,611128,152782,2618
2022/03/01 05:00:00+00,Saturday,4,Green Line,302689,75672,2619
2022/03/01 05:00:00+00,Saturday,4,Light Rail,302689,75672,2620
2021/12/01 05:00:00+00,Sunday,4,Orange Line,180268,45067,2621
2021/12/01 05:00:00+00,Sunday,4,Red Line,188170,47042,2622
2022/07/01 04:00:00+00,Sunday,5,Commuter Rail,94041,18808,2623
2021/12/01 05:00:00+00,Sunday,4,Heavy Rail,449236,112309,2624
2022/02/01 05:00:00+00,Sunday,4,Green Line,221685,55421,2625
2022/01/01 05:00:00+00,Sunday,5,Orange Line,177713,35543,2626
2022/07/01 04:00:00+00,Sunday,5,The RIDE,7040,1408,2627
2021/12/01 05:00:00+00,Sunday,4,Green Line,199521,49880,2628
2022/05/01 04:00:00+00,Sunday,5,All Bus,674353,134871,2629
2022/02/01 05:00:00+00,Sunday,4,Light Rail,221685,55421,2630
2022/01/01 05:00:00+00,Sunday,5,Red Line,198745,39749,2631
2022/07/01 04:00:00+00,Total,31,Blue Line,1208003,38968,2632
2021/12/01 05:00:00+00,Sunday,4,Light Rail,199521,49880,2633
2022/05/01 04:00:00+00,Sunday,5,Commuter Rail,103226,20645,2634
2022/02/01 05:00:00+00,Sunday,4,Silver Line,44512,11128,2635
2022/01/01 05:00:00+00,Sunday,5,Heavy Rail,452602,90520,2636
2022/07/01 04:00:00+00,Total,31,Orange Line,2611221,84233,2637
2021/12/01 05:00:00+00,Sunday,4,Silver Line,57834,14458,2638
2022/05/01 04:00:00+00,Sunday,5,The RIDE,7225,1445,2639
2022/02/01 05:00:00+00,Sunday,4,Bus,305007,76252,2640
2022/01/01 05:00:00+00,Sunday,5,Green Line,209868,41974,2641
2022/07/01 04:00:00+00,Total,31,Red Line,3391153,109392,2642
2021/12/01 05:00:00+00,Sunday,4,Bus,352131,88033,2643
2022/05/01 04:00:00+00,Total,31,Blue Line,808015,26065,2644
2022/02/01 05:00:00+00,Sunday,4,Private Bus,2015,504,2645
2022/01/01 05:00:00+00,Sunday,5,Light Rail,209868,41974,2646
2022/07/01 04:00:00+00,Total,31,Heavy Rail,7210376,232593,2647
2021/12/01 05:00:00+00,Sunday,4,Private Bus,2232,558,2648
2022/05/01 04:00:00+00,Total,31,Orange Line,2825014,91129,2649
2022/02/01 05:00:00+00,Sunday,4,All Bus,351534,87884,2650
2022/01/01 05:00:00+00,Sunday,5,Silver Line,60361,12072,2651
2022/07/01 04:00:00+00,Total,31,Green Line,3226221,104072,2652
2021/12/01 05:00:00+00,Sunday,4,All Bus,412196,103049,2653
2022/05/01 04:00:00+00,Total,31,Red Line,3483042,112356,2654
2022/02/01 05:00:00+00,Sunday,4,Commuter Rail,45783,11446,2655
2022/01/01 05:00:00+00,Sunday,5,Bus,390106,78021,2656
2022/07/01 04:00:00+00,Total,31,Mattapan Line,85648,2763,2657
2021/12/01 05:00:00+00,Sunday,4,Commuter Rail,53916,13479,2658
2022/05/01 04:00:00+00,Total,31,Heavy Rail,7116072,229551,2659
2022/02/01 05:00:00+00,Sunday,4,The RIDE,4304,1076,2660
2022/01/01 05:00:00+00,Sunday,5,Private Bus,2290,458,2661
2022/07/01 04:00:00+00,Total,31,Light Rail,3311869,106834,2662
2021/12/01 05:00:00+00,Sunday,4,The RIDE,4928,1232,2663
2022/05/01 04:00:00+00,Total,31,Green Line,2741708,88442,2664
2022/02/01 05:00:00+00,Total,28,Blue Line,887788,31707,2665
2022/01/01 05:00:00+00,Sunday,5,All Bus,452757,90551,2666
2022/07/01 04:00:00+00,Total,31,Silver Line,721943,23288,2667
2021/12/01 05:00:00+00,Total,31,Blue Line,976287,31493,2668
2022/05/01 04:00:00+00,Total,31,Light Rail,2741708,88442,2669
2022/02/01 05:00:00+00,Total,28,Orange Line,2271725,81133,2670
2022/01/01 05:00:00+00,Sunday,5,Commuter Rail,39190,7838,2671
2022/07/01 04:00:00+00,Total,31,Bus,5925119,191133,2672
2021/12/01 05:00:00+00,Total,31,Orange Line,2458522,79307,2673
2022/05/01 04:00:00+00,Total,31,Silver Line,742657,23957,2674
2022/02/01 05:00:00+00,Total,28,Red Line,2625136,93755,2675
2022/01/01 05:00:00+00,Total,31,Blue Line,797367,25722,2676
2022/07/01 04:00:00+00,Total,31,Private Bus,52127,1682,2677
2021/12/01 05:00:00+00,Total,31,Red Line,2674844,86285,2678
2022/05/01 04:00:00+00,Total,31,Bus,6257742,201863,2679
2022/05/01 04:00:00+00,Total,31,Private Bus,48212,1555,2680
2022/05/01 04:00:00+00,Total,31,All Bus,7048612,227375,2681
2022/05/01 04:00:00+00,Total,31,Commuter Rail,1526921,49256,2682
2022/05/01 04:00:00+00,Total,31,Ferry,64332,2075,2683
2022/05/01 04:00:00+00,Total,31,The RIDE,85959,2773,2684
2022/04/01 04:00:00+00,Weekday,21,Blue Line,779745,37131,2685
2022/04/01 04:00:00+00,Weekday,21,Orange Line,2233210,106343,2686
2022/04/01 04:00:00+00,Weekday,21,Red Line,2682417,127734,2687
2022/04/01 04:00:00+00,Weekday,21,Heavy Rail,5695373,271208,2688
2022/04/01 04:00:00+00,Weekday,21,Green Line,2192050,104383,2689
2022/04/01 04:00:00+00,Weekday,21,Light Rail,2192050,104383,2690
2022/04/01 04:00:00+00,Weekday,21,Silver Line,533899,25424,2691
2022/04/01 04:00:00+00,Weekday,21,Bus,4889521,232834,2692
2022/04/01 04:00:00+00,Weekday,21,Private Bus,38296,1824,2693
2022/04/01 04:00:00+00,Weekday,21,All Bus,5461716,260082,2694
2022/04/01 04:00:00+00,Weekday,21,Commuter Rail,1319519,62834,2695
2022/04/01 04:00:00+00,Weekday,21,Ferry,48427,2306,2696
2022/04/01 04:00:00+00,Weekday,21,The RIDE,69279,3299,2697
2022/04/01 04:00:00+00,Saturday,5,Blue Line,145814,29163,2698
2022/04/01 04:00:00+00,Saturday,5,Orange Line,358568,71714,2699
2022/04/01 04:00:00+00,Saturday,5,Red Line,380077,76015,2700
2022/04/01 04:00:00+00,Saturday,5,Heavy Rail,884459,176892,2701
2022/04/01 04:00:00+00,Saturday,5,Green Line,434518,86904,2702
2022/04/01 04:00:00+00,Saturday,5,Light Rail,434518,86904,2703
2022/04/01 04:00:00+00,Saturday,5,Silver Line,87209,17442,2704
2022/01/01 05:00:00+00,Total,31,Orange Line,1986122,64068,2705
2022/02/01 05:00:00+00,Total,28,Heavy Rail,5784649,206595,2706
2022/01/01 05:00:00+00,Total,31,Red Line,2148255,69299,2707
2022/07/01 04:00:00+00,Total,31,All Bus,6699189,216103,2708
2021/12/01 05:00:00+00,Total,31,Heavy Rail,6109652,197086,2709
2022/02/01 05:00:00+00,Total,28,Green Line,2394233,85508,2710
2022/01/01 05:00:00+00,Total,31,Heavy Rail,4931744,159089,2711
2022/07/01 04:00:00+00,Total,31,Commuter Rail,1554254,50137,2712
2021/12/01 05:00:00+00,Total,31,Green Line,2388560,77050,2713
2022/02/01 05:00:00+00,Total,28,Light Rail,2394233,85508,2714
2022/01/01 05:00:00+00,Total,31,Green Line,1955158,63070,2715
2022/07/01 04:00:00+00,Total,31,Ferry,109055,3518,2716
2021/12/01 05:00:00+00,Total,31,Light Rail,2388560,77050,2717
2022/02/01 05:00:00+00,Total,28,Silver Line,512852,18316,2718
2022/01/01 05:00:00+00,Total,31,Light Rail,1955158,63070,2719
2022/07/01 04:00:00+00,Total,31,The RIDE,82467,2660,2720
2021/12/01 05:00:00+00,Total,31,Silver Line,589137,19004,2721
2022/02/01 05:00:00+00,Total,28,Bus,4944082,176574,2722
2022/01/01 05:00:00+00,Total,31,Silver Line,483199,15587,2723
2022/06/01 04:00:00+00,Weekday,22,Blue Line,919814,41810,2724
2021/12/01 05:00:00+00,Total,31,Bus,5324954,171773,2725
2022/02/01 05:00:00+00,Total,28,Trackless Trolley,101620,3629,2726
2022/01/01 05:00:00+00,Total,31,Bus,4569841,147414,2727
2022/06/01 04:00:00+00,Weekday,22,Orange Line,2389392,108609,2728
2021/12/01 05:00:00+00,Total,31,Trackless Trolley,113877,3673,2729
2022/02/01 05:00:00+00,Total,28,Private Bus,38358,1370,2730
2022/01/01 05:00:00+00,Total,31,Trackless Trolley,89652,2892,2731
2022/06/01 04:00:00+00,Weekday,22,Red Line,2856478,129840,2732
2021/12/01 05:00:00+00,Total,31,Private Bus,45238,1459,2733
2022/02/01 05:00:00+00,Total,28,All Bus,5596912,199890,2734
2022/01/01 05:00:00+00,Total,31,Private Bus,37642,1214,2735
2022/06/01 04:00:00+00,Weekday,22,Heavy Rail,6165684,280258,2736
2021/12/01 05:00:00+00,Total,31,All Bus,6073207,195910,2737
2022/02/01 05:00:00+00,Total,28,Commuter Rail,970097,34646,2738
2022/01/01 05:00:00+00,Total,31,All Bus,5180334,167108,2739
2022/06/01 04:00:00+00,Weekday,22,Green Line,2176675,98940,2740
2021/12/01 05:00:00+00,Total,31,Commuter Rail,1141384,36819,2741
2022/02/01 05:00:00+00,Total,28,Ferry,25274,903,2742
2022/01/01 05:00:00+00,Total,31,Commuter Rail,848770,27380,2743
2022/06/01 04:00:00+00,Weekday,22,Light Rail,2176675,98940,2744
2021/12/01 05:00:00+00,Total,31,Ferry,32649,1053,2745
2022/02/01 05:00:00+00,Total,28,The RIDE,67034,2394,2746
2022/01/01 05:00:00+00,Total,31,Ferry,17247,556,2747
2022/06/01 04:00:00+00,Weekday,22,Silver Line,573015,26046,2748
2021/12/01 05:00:00+00,Total,31,The RIDE,75386,2432,2749
2022/01/01 05:00:00+00,Weekday,20,Blue Line,617268,30863,2750
2022/01/01 05:00:00+00,Total,31,The RIDE,62548,2018,2751
2022/06/01 04:00:00+00,Weekday,22,Bus,5276170,239826,2752
2021/11/01 04:00:00+00,Weekday,21,Blue Line,806916,38425,2753
2022/01/01 05:00:00+00,Weekday,20,Orange Line,1573912,78696,2754
2021/12/01 05:00:00+00,Weekday,23,Blue Line,786707,34205,2755
2022/06/01 04:00:00+00,Weekday,22,Private Bus,45581,2072,2756
2021/11/01 04:00:00+00,Weekday,21,Orange Line,2180304,103824,2757
2022/01/01 05:00:00+00,Weekday,20,Red Line,1709921,85496,2758
2021/12/01 05:00:00+00,Weekday,23,Orange Line,2023699,87987,2759
2022/06/01 04:00:00+00,Weekday,22,All Bus,5894766,267944,2760
2021/11/01 04:00:00+00,Weekday,21,Red Line,2517633,119887,2761
2022/01/01 05:00:00+00,Weekday,20,Heavy Rail,3901102,195055,2762
2021/12/01 05:00:00+00,Weekday,23,Red Line,2231045,97002,2763
2022/06/01 04:00:00+00,Weekday,22,Commuter Rail,1456140,66188,2764
2021/11/01 04:00:00+00,Weekday,21,Heavy Rail,5504853,262136,2765
2022/01/01 05:00:00+00,Weekday,20,Green Line,1486916,74346,2766
2021/12/01 05:00:00+00,Weekday,23,Heavy Rail,5041450,219193,2767
2022/06/01 04:00:00+00,Weekday,22,Ferry,73004,3318,2768
2021/11/01 04:00:00+00,Weekday,21,Green Line,2142171,102008,2769
2022/01/01 05:00:00+00,Weekday,20,Light Rail,1486916,74346,2770
2021/12/01 05:00:00+00,Weekday,23,Green Line,1916108,83309,2771
2022/06/01 04:00:00+00,Weekday,22,The RIDE,73854,3357,2772
2021/11/01 04:00:00+00,Weekday,21,Light Rail,2142171,102008,2773
2022/01/01 05:00:00+00,Weekday,20,Silver Line,369583,18479,2774
2022/01/01 05:00:00+00,Weekday,20,Bus,3755424,187771,2775
2022/01/01 05:00:00+00,Weekday,20,Trackless Trolley,80318,4016,2776
2022/01/01 05:00:00+00,Weekday,20,Private Bus,31601,1580,2777
2022/01/01 05:00:00+00,Weekday,20,All Bus,4193075,209654,2778
2022/01/01 05:00:00+00,Weekday,20,Commuter Rail,729933,36497,2779
2022/01/01 05:00:00+00,Weekday,20,Ferry,16591,830,2780
2022/01/01 05:00:00+00,Weekday,20,The RIDE,53865,2693,2781
2021/11/01 04:00:00+00,Weekday,21,Silver Line,489273,23299,2782
2021/11/01 04:00:00+00,Weekday,21,Bus,4841965,230570,2783
2021/11/01 04:00:00+00,Weekday,21,Trackless Trolley,105075,5004,2784
2022/06/01 04:00:00+00,Saturday,4,Blue Line,131969,32992,2785
2021/11/01 04:00:00+00,Weekday,21,Private Bus,36314,1729,2786
2021/12/01 05:00:00+00,Weekday,23,Light Rail,1916108,83309,2787
2022/06/01 04:00:00+00,Saturday,4,Orange Line,277974,69494,2788
2021/12/01 05:00:00+00,Weekday,23,Silver Line,456036,19828,2789
2022/06/01 04:00:00+00,Saturday,4,Red Line,326612,81653,2790
2021/12/01 05:00:00+00,Weekday,23,Bus,4395765,191120,2791
2022/06/01 04:00:00+00,Saturday,4,Heavy Rail,736555,184139,2792
2021/12/01 05:00:00+00,Weekday,23,Trackless Trolley,102095,4439,2793
2022/06/01 04:00:00+00,Saturday,4,Green Line,303276,75819,2794
2021/12/01 05:00:00+00,Weekday,23,Private Bus,39250,1707,2795
2022/06/01 04:00:00+00,Saturday,4,Light Rail,303276,75819,2796
2021/12/01 05:00:00+00,Weekday,23,All Bus,4993146,217093,2797
2022/06/01 04:00:00+00,Saturday,4,Silver Line,74126,18532,2798
2021/12/01 05:00:00+00,Weekday,23,Commuter Rail,1024813,44557,2799
2021/12/01 05:00:00+00,Weekday,23,Ferry,31507,1370,2800
2021/08/01 04:00:00+00,Weekday,22,Light Rail,1812627,82392,2801
2021/08/01 04:00:00+00,Weekday,22,Silver Line,468132,21279,2802
2021/08/01 04:00:00+00,Weekday,22,Bus,4239478,192704,2803
2021/08/01 04:00:00+00,Weekday,22,Trackless Trolley,89027,4047,2804
2021/08/01 04:00:00+00,Weekday,22,Private Bus,34530,1570,2805
2021/08/01 04:00:00+00,Weekday,22,All Bus,4831167,219598,2806
2021/08/01 04:00:00+00,Weekday,22,Commuter Rail,736562,33480,2807
2021/04/01 04:00:00+00,Weekday,22,Orange Line,1251310,56878,2808
2021/08/01 04:00:00+00,Weekday,22,Ferry,50021,2274,2809
2021/08/01 04:00:00+00,Weekday,22,The RIDE,56713,2578,2810
2021/08/01 04:00:00+00,Saturday,4,Blue Line,125821,31455,2811
2021/08/01 04:00:00+00,Saturday,4,Orange Line,260290,65072,2812
2021/08/01 04:00:00+00,Saturday,4,Red Line,307025,76756,2813
2021/08/01 04:00:00+00,Saturday,4,Heavy Rail,693137,173284,2814
2021/04/01 04:00:00+00,Weekday,22,Red Line,1482972,67408,2815
2021/05/01 04:00:00+00,Weekday,20,Red Line,1558519,77926,2816
2021/08/01 04:00:00+00,Saturday,4,Green Line,267202,66800,2817
2021/04/01 04:00:00+00,Weekday,22,Heavy Rail,3318458,150839,2818
2021/06/01 04:00:00+00,Weekday,22,Heavy Rail,4281229,194601,2819
2021/05/01 04:00:00+00,Weekday,20,Heavy Rail,3467259,173363,2820
2021/08/01 04:00:00+00,Saturday,4,Light Rail,267202,66800,2821
2021/09/01 04:00:00+00,Weekday,21,Silver Line,487975,23237,2822
2021/04/01 04:00:00+00,Weekday,22,Green Line,1118899,50859,2823
2021/05/01 04:00:00+00,Weekday,20,Green Line,1084391,54220,2824
2021/06/01 04:00:00+00,Weekday,22,Green Line,1352831,61492,2825
2021/11/01 04:00:00+00,Weekday,21,All Bus,5472627,260601,2826
2021/08/01 04:00:00+00,Saturday,4,Silver Line,62860,15715,2827
2021/07/01 04:00:00+00,Weekday,22,Green Line,1677128,76233,2828
2021/09/01 04:00:00+00,Weekday,21,Bus,4906341,233635,2829
2021/04/01 04:00:00+00,Weekday,22,Light Rail,1118899,50859,2830
2021/10/01 04:00:00+00,Weekday,21,Bus,4976726,236987,2831
2021/05/01 04:00:00+00,Weekday,20,Light Rail,1084391,54220,2832
2021/06/01 04:00:00+00,Weekday,22,Light Rail,1352831,61492,2833
2021/11/01 04:00:00+00,Weekday,21,Commuter Rail,1122143,53435,2834
2021/08/01 04:00:00+00,Saturday,4,Bus,515243,128811,2835
2021/07/01 04:00:00+00,Weekday,22,Light Rail,1677128,76233,2836
2021/09/01 04:00:00+00,Weekday,21,Trackless Trolley,107969,5141,2837
2021/04/01 04:00:00+00,Weekday,22,Silver Line,324681,14758,2838
2021/10/01 04:00:00+00,Weekday,21,Trackless Trolley,104872,4994,2839
2021/05/01 04:00:00+00,Weekday,20,Silver Line,348164,17408,2840
2021/06/01 04:00:00+00,Weekday,22,Silver Line,418916,19042,2841
2021/11/01 04:00:00+00,Weekday,21,Ferry,37799,1800,2842
2021/08/01 04:00:00+00,Saturday,4,Trackless Trolley,11146,2786,2843
2021/07/01 04:00:00+00,Weekday,22,Silver Line,437004,19864,2844
2021/09/01 04:00:00+00,Weekday,21,Private Bus,36125,1720,2845
2021/04/01 04:00:00+00,Weekday,22,Bus,3393364,154244,2846
2021/10/01 04:00:00+00,Weekday,21,Private Bus,36319,1729,2847
2021/05/01 04:00:00+00,Weekday,20,Bus,3555724,177786,2848
2021/06/01 04:00:00+00,Weekday,22,Bus,4039965,183635,2849
2021/11/01 04:00:00+00,Weekday,21,The RIDE,59934,2854,2850
2021/08/01 04:00:00+00,Saturday,4,Private Bus,3907,977,2851
2021/07/01 04:00:00+00,Weekday,22,Bus,3926407,178473,2852
2021/09/01 04:00:00+00,Weekday,21,All Bus,5538410,263734,2853
2021/04/01 04:00:00+00,Weekday,22,Trackless Trolley,75312,3423,2854
2021/10/01 04:00:00+00,Weekday,21,All Bus,5623410,267781,2855
2021/05/01 04:00:00+00,Weekday,20,Trackless Trolley,79439,3972,2856
2021/06/01 04:00:00+00,Weekday,22,Trackless Trolley,89179,4054,2857
2021/11/01 04:00:00+00,Saturday,4,Blue Line,117236,29309,2858
2021/08/01 04:00:00+00,Saturday,4,All Bus,593157,148289,2859
2021/07/01 04:00:00+00,Weekday,22,Trackless Trolley,88261,4012,2860
2021/09/01 04:00:00+00,Weekday,21,Commuter Rail,978777,46608,2861
2021/04/01 04:00:00+00,Weekday,22,Private Bus,27908,1269,2862
2021/10/01 04:00:00+00,Weekday,21,Commuter Rail,1086358,51731,2863
2021/05/01 04:00:00+00,Weekday,20,Private Bus,28705,1435,2864
2021/06/01 04:00:00+00,Weekday,22,Private Bus,32503,1477,2865
2021/11/01 04:00:00+00,Saturday,4,Orange Line,284461,71115,2866
2021/08/01 04:00:00+00,Saturday,4,Commuter Rail,63511,15878,2867
2021/07/01 04:00:00+00,Weekday,22,Private Bus,32201,1464,2868
2021/09/01 04:00:00+00,Weekday,21,Ferry,41106,1957,2869
2021/04/01 04:00:00+00,Weekday,22,All Bus,3821265,173694,2870
2021/10/01 04:00:00+00,Weekday,21,Ferry,36871,1756,2871
2021/10/01 04:00:00+00,Weekday,21,The RIDE,64281,3061,2872
2021/10/01 04:00:00+00,Saturday,5,Blue Line,162825,32565,2873
2021/10/01 04:00:00+00,Saturday,5,Orange Line,391042,78208,2874
2021/10/01 04:00:00+00,Saturday,5,Red Line,431746,86349,2875
2021/10/01 04:00:00+00,Saturday,5,Heavy Rail,985613,197123,2876
2021/10/01 04:00:00+00,Saturday,5,Green Line,439490,87898,2877
2021/10/01 04:00:00+00,Saturday,5,Light Rail,439490,87898,2878
2021/10/01 04:00:00+00,Saturday,5,Silver Line,80294,16059,2879
2021/10/01 04:00:00+00,Saturday,5,Bus,674849,134970,2880
2021/10/01 04:00:00+00,Saturday,5,Trackless Trolley,15742,3148,2881
2021/10/01 04:00:00+00,Saturday,5,Private Bus,5151,1030,2882
2021/10/01 04:00:00+00,Saturday,5,All Bus,776036,155207,2883
2021/10/01 04:00:00+00,Saturday,5,Commuter Rail,149237,29847,2884
2021/10/01 04:00:00+00,Sunday,5,Blue Line,124325,24865,2885
2021/10/01 04:00:00+00,Sunday,5,Orange Line,281972,56394,2886
2021/10/01 04:00:00+00,Sunday,5,Red Line,320135,64027,2887
2021/10/01 04:00:00+00,Sunday,5,Heavy Rail,726432,145286,2888
2021/10/01 04:00:00+00,Sunday,5,Green Line,323740,64748,2889
2021/10/01 04:00:00+00,Sunday,5,Light Rail,323740,64748,2890
2021/10/01 04:00:00+00,Sunday,5,Silver Line,70682,14136,2891
2021/10/01 04:00:00+00,Sunday,5,Bus,441251,88250,2892
2021/10/01 04:00:00+00,Sunday,5,Private Bus,3005,601,2893
2021/10/01 04:00:00+00,Sunday,5,All Bus,514938,102988,2894
2021/10/01 04:00:00+00,Sunday,5,Commuter Rail,126000,25200,2895
2021/10/01 04:00:00+00,Total,31,Blue Line,1163572,37535,2896
2021/10/01 04:00:00+00,Total,31,Orange Line,2919098,94164,2897
2021/10/01 04:00:00+00,Total,31,Red Line,3428527,110598,2898
2021/10/01 04:00:00+00,Total,31,Heavy Rail,7511197,242297,2899
2021/10/01 04:00:00+00,Total,31,Green Line,3047920,98320,2900
2021/10/01 04:00:00+00,Total,31,Light Rail,3047920,98320,2901
2021/10/01 04:00:00+00,Total,31,Silver Line,656469,21176,2902
2021/10/01 04:00:00+00,Total,31,Bus,6092826,196543,2903
2021/10/01 04:00:00+00,Total,31,Trackless Trolley,120614,3891,2904
2021/10/01 04:00:00+00,Total,31,Private Bus,44476,1435,2905
2021/10/01 04:00:00+00,Total,31,All Bus,6914385,223045,2906
2021/10/01 04:00:00+00,Total,31,Commuter Rail,1361595,43922,2907
2021/10/01 04:00:00+00,Total,31,Ferry,43954,1418,2908
2021/10/01 04:00:00+00,Total,31,The RIDE,78976,2548,2909
2021/09/01 04:00:00+00,Weekday,21,Blue Line,858551,40883,2910
2021/09/01 04:00:00+00,Weekday,21,Orange Line,2160932,102902,2911
2021/09/01 04:00:00+00,Weekday,21,Red Line,2718541,129454,2912
2021/09/01 04:00:00+00,Weekday,21,Heavy Rail,5738024,273239,2913
2021/09/01 04:00:00+00,Weekday,21,Green Line,2283557,108741,2914
2021/09/01 04:00:00+00,Weekday,21,Light Rail,2283557,108741,2915
2021/05/01 04:00:00+00,Weekday,20,All Bus,4012032,200602,2916
2021/06/01 04:00:00+00,Weekday,22,All Bus,4580563,208207,2917
2021/11/01 04:00:00+00,Saturday,4,Red Line,297735,74434,2918
2021/04/01 04:00:00+00,Weekday,22,Commuter Rail,368443,16747,2919
2021/05/01 04:00:00+00,Weekday,20,Commuter Rail,475908,23795,2920
2021/07/01 04:00:00+00,Weekday,22,All Bus,4483873,203812,2921
2021/08/01 04:00:00+00,Sunday,5,Blue Line,109827,21965,2922
2021/06/01 04:00:00+00,Weekday,22,Commuter Rail,615247,27966,2923
2021/11/01 04:00:00+00,Saturday,4,Heavy Rail,699431,174858,2924
2021/04/01 04:00:00+00,Weekday,22,Ferry,8679,394,2925
2021/09/01 04:00:00+00,Weekday,21,The RIDE,61257,2917,2926
2021/05/01 04:00:00+00,Weekday,20,Ferry,13076,654,2927
2021/07/01 04:00:00+00,Weekday,22,Commuter Rail,649985,29545,2928
2021/08/01 04:00:00+00,Sunday,5,Orange Line,218937,43787,2929
2021/06/01 04:00:00+00,Weekday,22,Ferry,39089,1777,2930
2021/11/01 04:00:00+00,Saturday,4,Green Line,309569,77392,2931
2021/04/01 04:00:00+00,Weekday,22,The RIDE,53632,2438,2932
2021/09/01 04:00:00+00,Saturday,4,Blue Line,134292,33573,2933
2021/05/01 04:00:00+00,Weekday,20,The RIDE,52431,2622,2934
2021/07/01 04:00:00+00,Weekday,22,Ferry,53003,2409,2935
2021/08/01 04:00:00+00,Sunday,5,Red Line,265071,53014,2936
2021/06/01 04:00:00+00,Weekday,22,The RIDE,58594,2663,2937
2021/11/01 04:00:00+00,Saturday,4,Light Rail,309569,77392,2938
2021/04/01 04:00:00+00,Saturday,4,Blue Line,88248,22062,2939
2021/09/01 04:00:00+00,Saturday,4,Orange Line,301183,75296,2940
2021/05/01 04:00:00+00,Saturday,5,Blue Line,117620,23524,2941
2021/07/01 04:00:00+00,Weekday,22,The RIDE,56089,2550,2942
2021/08/01 04:00:00+00,Sunday,5,Heavy Rail,593835,118767,2943
2021/06/01 04:00:00+00,Saturday,4,Blue Line,109860,27465,2944
2021/11/01 04:00:00+00,Saturday,4,Silver Line,59729,14932,2945
2021/04/01 04:00:00+00,Saturday,4,Orange Line,168109,42027,2946
2021/09/01 04:00:00+00,Saturday,4,Red Line,354442,88610,2947
2021/05/01 04:00:00+00,Saturday,5,Orange Line,241891,48378,2948
2021/07/01 04:00:00+00,Saturday,5,Blue Line,142504,28501,2949
2021/08/01 04:00:00+00,Sunday,5,Green Line,229079,45816,2950
2021/06/01 04:00:00+00,Saturday,4,Orange Line,222160,55540,2951
2021/11/01 04:00:00+00,Saturday,4,Bus,529356,132339,2952
2021/04/01 04:00:00+00,Saturday,4,Red Line,209724,52431,2953
2021/09/01 04:00:00+00,Saturday,4,Heavy Rail,789917,197479,2954
2021/05/01 04:00:00+00,Saturday,5,Red Line,279367,55873,2955
2021/07/01 04:00:00+00,Saturday,5,Orange Line,302948,60590,2956
2021/08/01 04:00:00+00,Sunday,5,Light Rail,229079,45816,2957
2021/06/01 04:00:00+00,Saturday,4,Red Line,273570,68392,2958
2021/11/01 04:00:00+00,Saturday,4,Trackless Trolley,11174,2794,2959
2021/04/01 04:00:00+00,Saturday,4,Heavy Rail,466081,116520,2960
2021/09/01 04:00:00+00,Saturday,4,Green Line,365239,91310,2961
2021/05/01 04:00:00+00,Saturday,5,Heavy Rail,638878,127776,2962
2021/07/01 04:00:00+00,Saturday,5,Red Line,359713,71943,2963
2021/08/01 04:00:00+00,Sunday,5,Silver Line,62850,12570,2964
2021/08/01 04:00:00+00,Sunday,5,Bus,388904,77781,2965
2021/08/01 04:00:00+00,Sunday,5,Private Bus,2688,538,2966
2021/08/01 04:00:00+00,Sunday,5,All Bus,454441,90888,2967
2021/08/01 04:00:00+00,Sunday,5,Commuter Rail,60391,12078,2968
2021/08/01 04:00:00+00,Total,31,Blue Line,1026682,33119,2969
2021/08/01 04:00:00+00,Total,31,Orange Line,2351879,75867,2970
2021/08/01 04:00:00+00,Total,31,Red Line,2825162,91134,2971
2021/08/01 04:00:00+00,Total,31,Heavy Rail,6203723,200120,2972
2021/08/01 04:00:00+00,Total,31,Green Line,2308907,74481,2973
2021/08/01 04:00:00+00,Total,31,Light Rail,2308907,74481,2974
2021/08/01 04:00:00+00,Total,31,Silver Line,593842,19156,2975
2021/08/01 04:00:00+00,Total,31,Bus,5143625,165923,2976
2021/08/01 04:00:00+00,Total,31,Trackless Trolley,100172,3231,2977
2021/08/01 04:00:00+00,Total,31,Private Bus,41125,1327,2978
2021/08/01 04:00:00+00,Total,31,All Bus,5878764,189638,2979
2021/08/01 04:00:00+00,Total,31,Commuter Rail,860464,27757,2980
2021/08/01 04:00:00+00,Total,31,Ferry,63607,2052,2981
2021/08/01 04:00:00+00,Total,31,The RIDE,67155,2166,2982
2021/07/01 04:00:00+00,Weekday,22,Blue Line,738205,33555,2983
2021/07/01 04:00:00+00,Weekday,22,Orange Line,1714910,77950,2984
2021/07/01 04:00:00+00,Weekday,22,Red Line,2073657,94257,2985
2021/07/01 04:00:00+00,Weekday,22,Heavy Rail,4526772,205762,2986
2021/11/01 04:00:00+00,Saturday,4,Private Bus,3718,930,2987
2021/04/01 04:00:00+00,Saturday,4,Green Line,175019,43755,2988
2021/06/01 04:00:00+00,Saturday,4,Heavy Rail,605591,151398,2989
2021/05/01 04:00:00+00,Saturday,5,Green Line,229817,45963,2990
2021/11/01 04:00:00+00,Saturday,4,All Bus,603977,150994,2991
2021/04/01 04:00:00+00,Saturday,4,Light Rail,175019,43755,2992
2021/09/01 04:00:00+00,Saturday,4,Light Rail,365239,91310,2993
2021/06/01 04:00:00+00,Saturday,4,Green Line,214832,53708,2994
2021/07/01 04:00:00+00,Saturday,5,Heavy Rail,805165,161033,2995
2021/05/01 04:00:00+00,Saturday,5,Light Rail,229817,45963,2996
2021/11/01 04:00:00+00,Saturday,4,Commuter Rail,92321,23080,2997
2021/04/01 04:00:00+00,Saturday,4,Silver Line,48486,12122,2998
2021/09/01 04:00:00+00,Saturday,4,Silver Line,66938,16734,2999
2021/06/01 04:00:00+00,Saturday,4,Light Rail,214832,53708,3000
2021/07/01 04:00:00+00,Saturday,5,Green Line,321872,64374,3001
2021/05/01 04:00:00+00,Saturday,5,Silver Line,62864,12573,3002
2021/04/01 04:00:00+00,Saturday,4,Bus,444130,111032,3003
2021/09/01 04:00:00+00,Saturday,4,Bus,549174,137294,3004
2021/11/01 04:00:00+00,Saturday,4,The RIDE,6460,1615,3005
2021/06/01 04:00:00+00,Saturday,4,Silver Line,58376,14594,3006
2021/07/01 04:00:00+00,Saturday,5,Light Rail,321872,64374,3007
2021/04/01 04:00:00+00,Saturday,4,Trackless Trolley,8523,2131,3008
2021/05/01 04:00:00+00,Saturday,5,Bus,545009,109002,3009
2021/09/01 04:00:00+00,Saturday,4,Trackless Trolley,11494,2874,3010
2021/11/01 04:00:00+00,Sunday,4,Blue Line,88601,22150,3011
2021/06/01 04:00:00+00,Saturday,4,Bus,489040,122260,3012
2021/07/01 04:00:00+00,Saturday,5,Silver Line,74876,14975,3013
2021/04/01 04:00:00+00,Saturday,4,Private Bus,4418,1104,3014
2021/05/01 04:00:00+00,Saturday,5,Trackless Trolley,10883,2177,3015
2021/09/01 04:00:00+00,Saturday,4,Private Bus,4074,1018,3016
2021/11/01 04:00:00+00,Sunday,4,Orange Line,205405,51351,3017
2021/06/01 04:00:00+00,Saturday,4,Trackless Trolley,9189,2297,3018
2021/07/01 04:00:00+00,Saturday,5,Bus,589277,117855,3019
2021/04/01 04:00:00+00,Saturday,4,All Bus,505557,126389,3020
2021/05/01 04:00:00+00,Saturday,5,Private Bus,4316,863,3021
2021/09/01 04:00:00+00,Saturday,4,All Bus,631680,157920,3022
2021/11/01 04:00:00+00,Sunday,4,Red Line,218845,54711,3023
2021/06/01 04:00:00+00,Saturday,4,Private Bus,3799,950,3024
2021/07/01 04:00:00+00,Saturday,5,Trackless Trolley,11540,2308,3025
2021/04/01 04:00:00+00,Saturday,4,Commuter Rail,23530,5882,3026
2021/05/01 04:00:00+00,Saturday,5,All Bus,623073,124615,3027
2021/09/01 04:00:00+00,Saturday,4,Commuter Rail,86120,21530,3028
2021/11/01 04:00:00+00,Sunday,4,Heavy Rail,512851,128213,3029
2021/06/01 04:00:00+00,Saturday,4,All Bus,560405,140101,3030
2021/07/01 04:00:00+00,Saturday,5,Private Bus,4541,908,3031
2021/04/01 04:00:00+00,Sunday,4,Blue Line,60122,15030,3032
2021/05/01 04:00:00+00,Saturday,5,Commuter Rail,37154,7431,3033
2021/09/01 04:00:00+00,Sunday,4,Blue Line,101652,25413,3034
2021/11/01 04:00:00+00,Sunday,4,Green Line,221044,55261,3035
2021/06/01 04:00:00+00,Saturday,4,Commuter Rail,35777,8944,3036
2021/07/01 04:00:00+00,Saturday,5,All Bus,680234,136047,3037
2021/04/01 04:00:00+00,Sunday,4,Orange Line,108413,27103,3038
2021/05/01 04:00:00+00,Sunday,5,Blue Line,89794,17959,3039
2021/09/01 04:00:00+00,Sunday,4,Orange Line,217487,54372,3040
2021/11/01 04:00:00+00,Sunday,4,Light Rail,221044,55261,3041
2021/06/01 04:00:00+00,Sunday,4,Blue Line,87346,21836,3042
2021/07/01 04:00:00+00,Saturday,5,Commuter Rail,71084,14217,3043
2021/04/01 04:00:00+00,Sunday,4,Red Line,136441,34110,3044
2021/05/01 04:00:00+00,Sunday,5,Orange Line,174624,34925,3045
2021/09/01 04:00:00+00,Sunday,4,Red Line,260502,65126,3046
2021/11/01 04:00:00+00,Sunday,4,Silver Line,62694,15674,3047
2021/06/01 04:00:00+00,Sunday,4,Orange Line,160620,40155,3048
2021/07/01 04:00:00+00,Sunday,4,Blue Line,82791,20698,3049
2021/04/01 04:00:00+00,Sunday,4,Heavy Rail,304976,76244,3050
2021/05/01 04:00:00+00,Sunday,5,Red Line,204867,40973,3051
2021/09/01 04:00:00+00,Sunday,4,Heavy Rail,579641,144910,3052
2021/11/01 04:00:00+00,Sunday,4,Bus,390119,97530,3053
2021/06/01 04:00:00+00,Sunday,4,Red Line,200988,50247,3054
2021/07/01 04:00:00+00,Sunday,4,Orange Line,167575,41894,3055
2021/04/01 04:00:00+00,Sunday,4,Green Line,112086,28022,3056
2021/04/01 04:00:00+00,Sunday,4,Light Rail,112086,28022,3057
2021/04/01 04:00:00+00,Sunday,4,Silver Line,37141,9285,3058
2021/04/01 04:00:00+00,Sunday,4,Bus,266114,66528,3059
2021/04/01 04:00:00+00,Sunday,4,Private Bus,1877,469,3060
2021/04/01 04:00:00+00,Sunday,4,All Bus,305132,76283,3061
2021/04/01 04:00:00+00,Sunday,4,Commuter Rail,14395,3599,3062
2021/04/01 04:00:00+00,Total,30,Blue Line,732545,24418,3063
2021/04/01 04:00:00+00,Total,30,Orange Line,1527832,50928,3064
2021/04/01 04:00:00+00,Total,30,Red Line,1829137,60971,3065
2021/04/01 04:00:00+00,Total,30,Heavy Rail,4089515,136317,3066
2021/04/01 04:00:00+00,Total,30,Green Line,1406004,46867,3067
2021/04/01 04:00:00+00,Total,30,Light Rail,1406004,46867,3068
2021/04/01 04:00:00+00,Total,30,Silver Line,423432,14114,3069
2021/04/01 04:00:00+00,Total,30,Bus,4229354,140978,3070
2021/04/01 04:00:00+00,Total,30,Trackless Trolley,86097,2870,3071
2021/04/01 04:00:00+00,Total,30,Private Bus,34203,1140,3072
2021/04/01 04:00:00+00,Total,30,All Bus,4773086,159103,3073
2021/04/01 04:00:00+00,Total,30,Commuter Rail,406368,13546,3074
2021/04/01 04:00:00+00,Total,30,Ferry,8679,289,3075
2021/04/01 04:00:00+00,Total,30,The RIDE,62512,2084,3076
2021/05/01 04:00:00+00,Sunday,5,Heavy Rail,469284,93857,3077
2021/06/01 04:00:00+00,Sunday,4,Heavy Rail,448954,112238,3078
2021/11/01 04:00:00+00,Sunday,4,Private Bus,2430,608,3079
2021/05/01 04:00:00+00,Sunday,5,Green Line,167603,33521,3080
2021/07/01 04:00:00+00,Sunday,4,Red Line,206762,51690,3081
2021/06/01 04:00:00+00,Sunday,4,Green Line,157214,39304,3082
2021/09/01 04:00:00+00,Sunday,4,Green Line,274783,68696,3083
2021/11/01 04:00:00+00,Sunday,4,All Bus,455244,113811,3084
2021/05/01 04:00:00+00,Sunday,5,Light Rail,167603,33521,3085
2021/07/01 04:00:00+00,Sunday,4,Heavy Rail,457128,114282,3086
2021/06/01 04:00:00+00,Sunday,4,Light Rail,157214,39304,3087
2021/09/01 04:00:00+00,Sunday,4,Light Rail,274783,68696,3088
2021/11/01 04:00:00+00,Sunday,4,Commuter Rail,83975,20994,3089
2021/05/01 04:00:00+00,Sunday,5,Silver Line,65582,13116,3090
2021/07/01 04:00:00+00,Sunday,4,Green Line,179820,44955,3091
2021/06/01 04:00:00+00,Sunday,4,Silver Line,49236,12309,3092
2021/09/01 04:00:00+00,Sunday,4,Silver Line,66938,16734,3093
2021/11/01 04:00:00+00,Sunday,4,The RIDE,5268,1317,3094
2021/05/01 04:00:00+00,Sunday,5,Bus,445102,89020,3095
2021/07/01 04:00:00+00,Sunday,4,Light Rail,179820,44955,3096
2021/06/01 04:00:00+00,Sunday,4,Bus,326992,81748,3097
2021/09/01 04:00:00+00,Sunday,4,Bus,352179,88045,3098
2021/11/01 04:00:00+00,Total,30,Blue Line,1023665,34122,3099
2021/05/01 04:00:00+00,Sunday,5,Private Bus,3135,627,3100
2021/07/01 04:00:00+00,Sunday,4,Silver Line,64429,16107,3101
2021/06/01 04:00:00+00,Sunday,4,Private Bus,2342,586,3102
2021/09/01 04:00:00+00,Sunday,4,Private Bus,2993,748,3103
2021/11/01 04:00:00+00,Total,30,Orange Line,2695651,89855,3104
2021/05/01 04:00:00+00,Sunday,5,All Bus,513819,102764,3105
2021/07/01 04:00:00+00,Sunday,4,Bus,389854,97464,3106
2021/06/01 04:00:00+00,Sunday,4,All Bus,378570,94642,3107
2021/09/01 04:00:00+00,Sunday,4,All Bus,422110,105528,3108
2021/11/01 04:00:00+00,Total,30,Red Line,3063867,102129,3109
2021/05/01 04:00:00+00,Sunday,5,Commuter Rail,25008,5002,3110
2021/07/01 04:00:00+00,Sunday,4,Private Bus,2756,689,3111
2021/06/01 04:00:00+00,Sunday,4,Commuter Rail,31557,7889,3112
2021/09/01 04:00:00+00,Sunday,4,Commuter Rail,70885,17721,3113
2021/11/01 04:00:00+00,Total,30,Heavy Rail,6783184,226106,3114
2021/05/01 04:00:00+00,Total,31,Blue Line,816744,26347,3115
2021/07/01 04:00:00+00,Sunday,4,All Bus,457039,114260,3116
2021/06/01 04:00:00+00,Total,30,Blue Line,919406,30647,3117
2021/09/01 04:00:00+00,Total,30,Blue Line,1122408,37414,3118
2021/11/01 04:00:00+00,Total,30,Green Line,2698728,89958,3119
2021/05/01 04:00:00+00,Total,31,Orange Line,1775222,57265,3120
2021/07/01 04:00:00+00,Sunday,4,Commuter Rail,50463,12616,3121
2021/06/01 04:00:00+00,Total,30,Orange Line,1995451,66515,3122
2021/09/01 04:00:00+00,Total,30,Orange Line,2737988,91266,3123
2021/11/01 04:00:00+00,Total,30,Light Rail,2698728,89958,3124
2021/05/01 04:00:00+00,Total,31,Red Line,2084202,67232,3125
2021/07/01 04:00:00+00,Total,31,Blue Line,987719,31862,3126
2021/06/01 04:00:00+00,Total,30,Red Line,2420917,80697,3127
2021/09/01 04:00:00+00,Total,30,Red Line,3403839,113461,3128
2021/11/01 04:00:00+00,Total,30,Silver Line,611697,20390,3129
2021/05/01 04:00:00+00,Total,31,Heavy Rail,4676168,150844,3130
2021/07/01 04:00:00+00,Total,31,Orange Line,2233289,72042,3131
2021/06/01 04:00:00+00,Total,30,Heavy Rail,5335774,177859,3132
2021/09/01 04:00:00+00,Total,30,Heavy Rail,7264235,242141,3133
2021/11/01 04:00:00+00,Total,30,Bus,5761440,192048,3134
2021/05/01 04:00:00+00,Total,31,Green Line,1516471,48918,3135
2021/07/01 04:00:00+00,Total,31,Red Line,2692995,86871,3136
2021/06/01 04:00:00+00,Total,30,Green Line,1724877,57496,3137
2021/09/01 04:00:00+00,Total,30,Green Line,3000467,100016,3138
2021/11/01 04:00:00+00,Total,30,Trackless Trolley,116249,3875,3139
2021/05/01 04:00:00+00,Total,31,Light Rail,1516471,48918,3140
2021/07/01 04:00:00+00,Total,31,Heavy Rail,5914003,190774,3141
2021/06/01 04:00:00+00,Total,30,Light Rail,1724877,57496,3142
2021/09/01 04:00:00+00,Total,30,Light Rail,3000467,100016,3143
2021/11/01 04:00:00+00,Total,30,Private Bus,42462,1415,3144
2021/05/01 04:00:00+00,Total,31,Silver Line,476610,15375,3145
2021/07/01 04:00:00+00,Total,31,Green Line,2228599,71890,3146
2021/06/01 04:00:00+00,Total,30,Silver Line,526528,17551,3147
2021/09/01 04:00:00+00,Total,30,Silver Line,628547,20952,3148
2021/11/01 04:00:00+00,Total,30,All Bus,6531848,217728,3149
2021/05/01 04:00:00+00,Total,31,Bus,4545834,146640,3150
2021/07/01 04:00:00+00,Total,31,Light Rail,2228599,71890,3151
2021/06/01 04:00:00+00,Total,30,Bus,4855997,161867,3152
2021/06/01 04:00:00+00,Total,30,Trackless Trolley,98368,3279,3153
2021/06/01 04:00:00+00,Total,30,Private Bus,38644,1288,3154
2021/06/01 04:00:00+00,Total,30,All Bus,5519538,183985,3155
2021/06/01 04:00:00+00,Total,30,Commuter Rail,682581,22753,3156
2021/06/01 04:00:00+00,Total,30,Ferry,50814,1694,3157
2021/06/01 04:00:00+00,Total,30,The RIDE,68711,2290,3158
2021/05/01 04:00:00+00,Weekday,20,Blue Line,590264,29513,3159
2021/05/01 04:00:00+00,Weekday,20,Orange Line,1318475,65924,3160
2021/11/01 04:00:00+00,Total,30,Commuter Rail,1316818,43894,3161
2021/09/01 04:00:00+00,Total,30,Bus,5907005,196900,3162
2021/05/01 04:00:00+00,Total,31,Trackless Trolley,90322,2914,3163
2021/11/01 04:00:00+00,Total,30,Ferry,40721,1357,3164
2021/07/01 04:00:00+00,Total,31,Silver Line,576309,18591,3165
2021/09/01 04:00:00+00,Total,30,Trackless Trolley,119462,3982,3166
2021/05/01 04:00:00+00,Total,31,Private Bus,36157,1166,3167
2021/11/01 04:00:00+00,Total,30,The RIDE,74533,2484,3168
2021/07/01 04:00:00+00,Total,31,Bus,4905539,158243,3169
2021/09/01 04:00:00+00,Total,30,Private Bus,43192,1440,3170
2021/05/01 04:00:00+00,Total,31,All Bus,5148923,166094,3171
2021/10/01 04:00:00+00,Weekday,21,Blue Line,876422,41734,3172
2021/07/01 04:00:00+00,Total,31,Trackless Trolley,99801,3219,3173
2021/09/01 04:00:00+00,Total,30,All Bus,6698206,223274,3174
2021/05/01 04:00:00+00,Total,31,Commuter Rail,538070,17357,3175
2021/10/01 04:00:00+00,Weekday,21,Orange Line,2246083,106956,3176
2021/07/01 04:00:00+00,Total,31,Private Bus,39498,1274,3177
2021/09/01 04:00:00+00,Total,30,Commuter Rail,1135782,37859,3178
2021/05/01 04:00:00+00,Total,31,Ferry,13076,422,3179
2021/10/01 04:00:00+00,Weekday,21,Red Line,2676646,127459,3180
2021/07/01 04:00:00+00,Total,31,All Bus,5621146,181327,3181
2021/09/01 04:00:00+00,Total,30,Ferry,51686,1723,3182
2021/05/01 04:00:00+00,Total,31,The RIDE,64259,2073,3183
2021/10/01 04:00:00+00,Weekday,21,Heavy Rail,5799151,276150,3184
2021/07/01 04:00:00+00,Total,31,Commuter Rail,771532,24888,3185
2021/09/01 04:00:00+00,Total,30,The RIDE,75787,2526,3186
2021/04/01 04:00:00+00,Weekday,22,Blue Line,584176,26553,3187
2021/10/01 04:00:00+00,Weekday,21,Green Line,2284689,108795,3188
2021/07/01 04:00:00+00,Total,31,Ferry,68016,2194,3189
2021/08/01 04:00:00+00,Weekday,22,Blue Line,791034,35956,3190
2021/10/01 04:00:00+00,Weekday,21,Light Rail,2284689,108795,3191
2021/07/01 04:00:00+00,Total,31,The RIDE,67121,2165,3192
2021/08/01 04:00:00+00,Weekday,22,Orange Line,1872653,85121,3193
2021/10/01 04:00:00+00,Weekday,21,Silver Line,505493,24071,3194
2021/06/01 04:00:00+00,Weekday,22,Blue Line,722199,32827,3195
2021/08/01 04:00:00+00,Weekday,22,Red Line,2253065,102412,3196
2021/06/01 04:00:00+00,Weekday,22,Orange Line,1612670,73303,3197
2021/08/01 04:00:00+00,Weekday,22,Heavy Rail,4916752,223489,3198
2021/06/01 04:00:00+00,Weekday,22,Red Line,1946359,88471,3199
2021/08/01 04:00:00+00,Weekday,22,Green Line,1812627,82392,3200
2020/11/01 04:00:00+00,Total,30,All Bus,4185039,139501,3201
2020/11/01 04:00:00+00,Total,30,Commuter Rail,387367,12912,3202
2020/11/01 04:00:00+00,Total,30,Ferry,11275,376,3203
2020/11/01 04:00:00+00,Total,30,The RIDE,59815,1994,3204
2020/10/01 04:00:00+00,Weekday,22,Blue Line,538534,24479,3205
2020/10/01 04:00:00+00,Weekday,22,Orange Line,1235415,56155,3206
2020/10/01 04:00:00+00,Weekday,22,Red Line,1354516,61569,3207
2020/10/01 04:00:00+00,Weekday,22,Heavy Rail,3128465,142203,3208
2020/10/01 04:00:00+00,Weekday,22,Green Line,1024202,46555,3209
2020/10/01 04:00:00+00,Weekday,22,Light Rail,1024202,46555,3210
2020/10/01 04:00:00+00,Weekday,22,Silver Line,313542,14252,3211
2020/10/01 04:00:00+00,Weekday,22,Bus,3317220,150783,3212
2020/10/01 04:00:00+00,Weekday,22,Trackless Trolley,79841,3629,3213
2020/10/01 04:00:00+00,Weekday,22,Private Bus,40986,1863,3214
2020/10/01 04:00:00+00,Weekday,22,All Bus,3751589,170527,3215
2020/10/01 04:00:00+00,Weekday,22,Commuter Rail,346828,15765,3216
2020/10/01 04:00:00+00,Weekday,22,Ferry,12210,555,3217
2020/10/01 04:00:00+00,Weekday,22,The RIDE,47342,2152,3218
2020/10/01 04:00:00+00,Saturday,5,Blue Line,99845,19969,3219
2020/10/01 04:00:00+00,Saturday,5,Orange Line,213130,42626,3220
2020/10/01 04:00:00+00,Saturday,5,Red Line,235538,47108,3221
2020/10/01 04:00:00+00,Saturday,5,Heavy Rail,548513,109703,3222
2020/10/01 04:00:00+00,Saturday,5,Green Line,207587,41517,3223
2020/10/01 04:00:00+00,Saturday,5,Light Rail,207587,41517,3224
2020/10/01 04:00:00+00,Saturday,5,Silver Line,55000,11000,3225
2020/10/01 04:00:00+00,Saturday,5,Bus,532053,106411,3226
2020/10/01 04:00:00+00,Saturday,5,Trackless Trolley,11461,2292,3227
2020/10/01 04:00:00+00,Saturday,5,All Bus,598515,119703,3228
2020/10/01 04:00:00+00,Saturday,5,Commuter Rail,37427,7485,3229
2020/10/01 04:00:00+00,Saturday,5,The RIDE,6845,1369,3230
2020/10/01 04:00:00+00,Sunday,4,Blue Line,60650,15162,3231
2020/10/01 04:00:00+00,Sunday,4,Orange Line,125809,31452,3232
2020/10/01 04:00:00+00,Sunday,4,Red Line,139457,34864,3233
2020/10/01 04:00:00+00,Sunday,4,Heavy Rail,325916,81479,3234
2020/10/01 04:00:00+00,Sunday,4,Green Line,119155,29789,3235
2020/10/01 04:00:00+00,Sunday,4,Light Rail,119155,29789,3236
2020/10/01 04:00:00+00,Sunday,4,Silver Line,35429,8857,3237
2020/10/01 04:00:00+00,Sunday,4,Bus,275763,68941,3238
2020/10/01 04:00:00+00,Sunday,4,All Bus,311192,77798,3239
2020/10/01 04:00:00+00,Sunday,4,Commuter Rail,23992,5998,3240
2020/10/01 04:00:00+00,Sunday,4,The RIDE,3696,924,3241
2020/10/01 04:00:00+00,Total,31,Blue Line,699029,22549,3242
2020/10/01 04:00:00+00,Total,31,Orange Line,1574354,50786,3243
2021/03/01 05:00:00+00,Weekday,23,Blue Line,559731,24336,3244
2020/10/01 04:00:00+00,Total,31,Private Bus,39121,1262,3245
2021/01/01 05:00:00+00,Total,31,Commuter Rail,255946,8256,3246
2021/03/01 05:00:00+00,Total,31,The RIDE,63048,2034,3247
2020/10/01 04:00:00+00,Total,31,Red Line,1729511,55791,3248
2020/10/01 04:00:00+00,Total,31,Heavy Rail,4002894,129126,3249
2020/10/01 04:00:00+00,Total,31,Green Line,1350943,43579,3250
2020/10/01 04:00:00+00,Total,31,Light Rail,1350943,43579,3251
2020/10/01 04:00:00+00,Total,31,Silver Line,403971,13031,3252
2020/10/01 04:00:00+00,Total,31,Bus,4125036,133066,3253
2020/10/01 04:00:00+00,Total,31,Trackless Trolley,91303,2945,3254
2021/02/01 05:00:00+00,Total,28,Ferry,4074,146,3255
2020/09/01 04:00:00+00,Total,30,Trackless Trolley,83489,2783,3256
2020/12/01 05:00:00+00,Total,31,Commuter Rail,327341,10559,3257
2021/02/01 05:00:00+00,Weekday,19,Blue Line,419302,22069,3258
2021/01/01 05:00:00+00,Total,31,Ferry,6264,202,3259
2020/12/01 05:00:00+00,Total,31,Ferry,7872,254,3260
2020/10/01 04:00:00+00,Total,31,All Bus,4659430,150304,3261
2021/02/01 05:00:00+00,Total,28,The RIDE,48317,1726,3262
2020/09/01 04:00:00+00,Total,30,Private Bus,38059,1269,3263
2021/03/01 05:00:00+00,Weekday,23,Orange Line,1203963,52346,3264
2021/02/01 05:00:00+00,Weekday,19,Orange Line,949242,49960,3265
2021/01/01 05:00:00+00,Total,31,The RIDE,51681,1667,3266
2020/12/01 05:00:00+00,Total,31,The RIDE,59636,1924,3267
2020/10/01 04:00:00+00,Total,31,Commuter Rail,408247,13169,3268
2021/01/01 05:00:00+00,Weekday,19,Blue Line,400315,21069,3269
2020/09/01 04:00:00+00,Total,30,All Bus,4523786,150793,3270
2021/03/01 05:00:00+00,Weekday,23,Red Line,1401101,60917,3271
2021/02/01 05:00:00+00,Weekday,19,Red Line,1054916,55522,3272
2020/12/01 05:00:00+00,Weekday,22,Blue Line,451335,20515,3273
2020/11/01 04:00:00+00,Weekday,20,Blue Line,456621,22831,3274
2020/10/01 04:00:00+00,Total,31,Ferry,12203,394,3275
2021/01/01 05:00:00+00,Weekday,19,Orange Line,900334,47386,3276
2020/09/01 04:00:00+00,Total,30,Commuter Rail,345989,11533,3277
2021/03/01 05:00:00+00,Weekday,23,Heavy Rail,3164795,137600,3278
2021/02/01 05:00:00+00,Weekday,19,Heavy Rail,2423459,127550,3279
2020/12/01 05:00:00+00,Weekday,22,Orange Line,1028409,46746,3280
2020/11/01 04:00:00+00,Weekday,20,Orange Line,1044079,52204,3281
2020/10/01 04:00:00+00,Total,31,The RIDE,64297,2074,3282
2021/01/01 05:00:00+00,Weekday,19,Red Line,1003252,52803,3283
2020/09/01 04:00:00+00,Total,30,Ferry,16534,551,3284
2021/03/01 05:00:00+00,Weekday,23,Green Line,1078637,46897,3285
2021/02/01 05:00:00+00,Weekday,19,Green Line,814216,42853,3286
2020/12/01 05:00:00+00,Weekday,22,Red Line,1143482,51976,3287
2020/11/01 04:00:00+00,Weekday,20,Red Line,1144846,57242,3288
2020/09/01 04:00:00+00,Weekday,21,Blue Line,534765,25465,3289
2021/01/01 05:00:00+00,Weekday,19,Heavy Rail,2303901,121258,3290
2020/09/01 04:00:00+00,Total,30,The RIDE,60279,2009,3291
2021/03/01 05:00:00+00,Weekday,23,Light Rail,1078637,46897,3292
2021/02/01 05:00:00+00,Weekday,19,Light Rail,814216,42853,3293
2020/12/01 05:00:00+00,Weekday,22,Heavy Rail,2623226,119238,3294
2020/11/01 04:00:00+00,Weekday,20,Heavy Rail,2645546,132277,3295
2020/09/01 04:00:00+00,Weekday,21,Orange Line,1180225,56201,3296
2021/01/01 05:00:00+00,Weekday,19,Green Line,733702,38616,3297
2020/08/01 04:00:00+00,Weekday,21,Blue Line,491557,23407,3298
2021/03/01 05:00:00+00,Weekday,23,Silver Line,328741,14293,3299
2021/02/01 05:00:00+00,Weekday,19,Silver Line,246434,12970,3300
2020/12/01 05:00:00+00,Weekday,22,Green Line,820629,37301,3301
2020/11/01 04:00:00+00,Weekday,20,Green Line,867656,43383,3302
2020/09/01 04:00:00+00,Weekday,21,Red Line,1288872,61375,3303
2021/01/01 05:00:00+00,Weekday,19,Light Rail,733702,38616,3304
2020/08/01 04:00:00+00,Weekday,21,Orange Line,1017020,48430,3305
2021/03/01 05:00:00+00,Weekday,23,Bus,3508582,152547,3306
2021/02/01 05:00:00+00,Weekday,19,Bus,2647925,139364,3307
2020/12/01 05:00:00+00,Weekday,22,Light Rail,820629,37301,3308
2020/11/01 04:00:00+00,Weekday,20,Light Rail,867656,43383,3309
2020/09/01 04:00:00+00,Weekday,21,Heavy Rail,3003862,143041,3310
2021/01/01 05:00:00+00,Weekday,19,Silver Line,240789,12673,3311
2020/08/01 04:00:00+00,Weekday,21,Red Line,1134155,54007,3312
2021/03/01 05:00:00+00,Weekday,23,Trackless Trolley,74522,3240,3313
2021/02/01 05:00:00+00,Weekday,19,Trackless Trolley,61061,3214,3314
2020/12/01 05:00:00+00,Weekday,22,Silver Line,292128,13279,3315
2020/11/01 04:00:00+00,Weekday,20,Silver Line,275619,13781,3316
2020/09/01 04:00:00+00,Weekday,21,Green Line,966037,46002,3317
2021/01/01 05:00:00+00,Weekday,19,Bus,2576787,135620,3318
2020/08/01 04:00:00+00,Weekday,21,Heavy Rail,2642732,125844,3319
2021/03/01 05:00:00+00,Weekday,23,Private Bus,29325,1275,3320
2021/02/01 05:00:00+00,Weekday,19,Private Bus,25186,1326,3321
2020/12/01 05:00:00+00,Weekday,22,Bus,3014925,137042,3322
2020/11/01 04:00:00+00,Weekday,20,Bus,2927925,146396,3323
2020/09/01 04:00:00+00,Weekday,21,Light Rail,966037,46002,3324
2021/01/01 05:00:00+00,Weekday,19,Trackless Trolley,61686,3247,3325
2020/08/01 04:00:00+00,Weekday,21,Green Line,749944,35712,3326
2021/03/01 05:00:00+00,Weekday,23,All Bus,3941170,171355,3327
2021/02/01 05:00:00+00,Weekday,19,All Bus,2980606,156874,3328
2020/12/01 05:00:00+00,Weekday,22,Trackless Trolley,68048,3093,3329
2020/11/01 04:00:00+00,Weekday,20,Trackless Trolley,70689,3534,3330
2020/09/01 04:00:00+00,Weekday,21,Silver Line,296861,14136,3331
2021/01/01 05:00:00+00,Weekday,19,Private Bus,24252,1276,3332
2020/08/01 04:00:00+00,Weekday,21,Light Rail,749944,35712,3333
2021/03/01 05:00:00+00,Weekday,23,Commuter Rail,311316,13535,3334
2021/02/01 05:00:00+00,Weekday,19,Commuter Rail,231936,12207,3335
2020/12/01 05:00:00+00,Weekday,22,Private Bus,44154,2007,3336
2020/11/01 04:00:00+00,Weekday,20,Private Bus,37800,1890,3337
2020/09/01 04:00:00+00,Weekday,21,Bus,3217411,153210,3338
2021/01/01 05:00:00+00,Weekday,19,All Bus,2903514,152817,3339
2020/08/01 04:00:00+00,Weekday,21,Silver Line,280178,13342,3340
2021/03/01 05:00:00+00,Weekday,23,Ferry,6920,301,3341
2021/02/01 05:00:00+00,Weekday,19,Ferry,4074,214,3342
2020/12/01 05:00:00+00,Weekday,22,All Bus,3419255,155421,3343
2020/09/01 04:00:00+00,Weekday,21,Trackless Trolley,73368,3494,3344
2020/11/01 04:00:00+00,Weekday,20,All Bus,3312033,165602,3345
2020/09/01 04:00:00+00,Weekday,21,Private Bus,31668,1508,3346
2021/01/01 05:00:00+00,Weekday,19,Commuter Rail,222252,11697,3347
2021/02/01 05:00:00+00,Weekday,19,The RIDE,39954,2103,3348
2020/08/01 04:00:00+00,Weekday,21,Bus,2934128,139720,3349
2020/09/01 04:00:00+00,Weekday,21,All Bus,3619307,172348,3350
2020/11/01 04:00:00+00,Weekday,20,Commuter Rail,342923,17146,3351
2021/01/01 05:00:00+00,Weekday,19,Ferry,6264,330,3352
2021/03/01 05:00:00+00,Weekday,23,The RIDE,54953,2389,3353
2020/12/01 05:00:00+00,Weekday,22,Commuter Rail,293773,13353,3354
2021/01/01 05:00:00+00,Weekday,19,The RIDE,39419,2075,3355
2021/02/01 05:00:00+00,Saturday,4,Blue Line,66535,16634,3356
2020/09/01 04:00:00+00,Weekday,21,Commuter Rail,318769,15179,3357
2021/03/01 05:00:00+00,Saturday,4,Blue Line,76939,19235,3358
2020/11/01 04:00:00+00,Weekday,20,Ferry,10280,514,3359
2020/08/01 04:00:00+00,Weekday,21,Trackless Trolley,3268,156,3360
2020/12/01 05:00:00+00,Weekday,22,Ferry,7876,358,3361
2021/01/01 05:00:00+00,Saturday,5,Blue Line,72317,14463,3362
2021/02/01 05:00:00+00,Saturday,4,Orange Line,134034,33508,3363
2020/09/01 04:00:00+00,Weekday,21,Ferry,16527,787,3364
2021/03/01 05:00:00+00,Saturday,4,Orange Line,148001,37000,3365
2020/11/01 04:00:00+00,Weekday,20,The RIDE,43975,2199,3366
2020/08/01 04:00:00+00,Weekday,21,Private Bus,30387,1447,3367
2020/12/01 05:00:00+00,Weekday,22,The RIDE,44471,2021,3368
2021/01/01 05:00:00+00,Saturday,5,Orange Line,146515,29303,3369
2021/02/01 05:00:00+00,Saturday,4,Red Line,154538,38634,3370
2020/09/01 04:00:00+00,Weekday,21,The RIDE,45219,2153,3371
2021/03/01 05:00:00+00,Saturday,4,Red Line,180830,45208,3372
2020/11/01 04:00:00+00,Saturday,4,Blue Line,74050,18512,3373
2020/08/01 04:00:00+00,Weekday,21,All Bus,3247960,154665,3374
2020/12/01 05:00:00+00,Saturday,4,Blue Line,55516,13879,3375
2021/01/01 05:00:00+00,Saturday,5,Red Line,161996,32399,3376
2021/02/01 05:00:00+00,Saturday,4,Heavy Rail,355106,88776,3377
2020/09/01 04:00:00+00,Saturday,4,Blue Line,83656,20914,3378
2021/03/01 05:00:00+00,Saturday,4,Heavy Rail,405769,101442,3379
2020/11/01 04:00:00+00,Saturday,4,Orange Line,154702,38676,3380
2020/08/01 04:00:00+00,Weekday,21,Commuter Rail,275983,13142,3381
2020/12/01 05:00:00+00,Saturday,4,Orange Line,100142,25036,3382
2021/01/01 05:00:00+00,Saturday,5,Heavy Rail,380828,76166,3383
2021/02/01 05:00:00+00,Saturday,4,Green Line,141725,35431,3384
2020/09/01 04:00:00+00,Saturday,4,Orange Line,171304,42826,3385
2021/03/01 05:00:00+00,Saturday,4,Green Line,150865,37716,3386
2020/11/01 04:00:00+00,Saturday,4,Red Line,168237,42059,3387
2020/08/01 04:00:00+00,Weekday,21,Ferry,18312,872,3388
2020/12/01 05:00:00+00,Saturday,4,Red Line,125635,31409,3389
2021/01/01 05:00:00+00,Saturday,5,Green Line,136006,27201,3390
2021/02/01 05:00:00+00,Saturday,4,Light Rail,141725,35431,3391
2020/09/01 04:00:00+00,Saturday,4,Red Line,187511,46878,3392
2021/03/01 05:00:00+00,Saturday,4,Light Rail,150865,37716,3393
2020/11/01 04:00:00+00,Saturday,4,Heavy Rail,396989,99247,3394
2020/08/01 04:00:00+00,Weekday,21,The RIDE,40673,1937,3395
2020/12/01 05:00:00+00,Saturday,4,Heavy Rail,281293,70323,3396
2021/01/01 05:00:00+00,Saturday,5,Light Rail,136006,27201,3397
2021/02/01 05:00:00+00,Saturday,4,Silver Line,49120,12280,3398
2020/09/01 04:00:00+00,Saturday,4,Heavy Rail,442470,110618,3399
2021/03/01 05:00:00+00,Saturday,4,Silver Line,42841,10710,3400
2020/11/01 04:00:00+00,Saturday,4,Green Line,144491,36123,3401
2020/08/01 04:00:00+00,Saturday,5,Blue Line,46295,9259,3402
2020/12/01 05:00:00+00,Saturday,4,Green Line,101564,25391,3403
2021/01/01 05:00:00+00,Saturday,5,Silver Line,54544,10909,3404
2021/02/01 05:00:00+00,Saturday,4,Bus,461284,115321,3405
2020/09/01 04:00:00+00,Saturday,4,Green Line,160175,40044,3406
2021/03/01 05:00:00+00,Saturday,4,Bus,414087,103522,3407
2020/11/01 04:00:00+00,Saturday,4,Light Rail,144491,36123,3408
2020/08/01 04:00:00+00,Saturday,5,Orange Line,157102,31420,3409
2020/12/01 05:00:00+00,Saturday,4,Light Rail,101564,25391,3410
2021/01/01 05:00:00+00,Saturday,5,Bus,511959,102392,3411
2021/02/01 05:00:00+00,Saturday,4,Trackless Trolley,10055,2514,3412
2020/09/01 04:00:00+00,Saturday,4,Light Rail,160175,40044,3413
2021/03/01 05:00:00+00,Saturday,4,Trackless Trolley,7694,1924,3414
2020/11/01 04:00:00+00,Saturday,4,Silver Line,41490,10372,3415
2020/08/01 04:00:00+00,Saturday,5,Red Line,181529,36306,3416
2020/12/01 05:00:00+00,Saturday,4,Silver Line,38723,9681,3417
2021/01/01 05:00:00+00,Saturday,5,Trackless Trolley,11062,2212,3418
2021/02/01 05:00:00+00,Saturday,4,Private Bus,2967,742,3419
2020/09/01 04:00:00+00,Saturday,4,Silver Line,44047,11012,3420
2021/03/01 05:00:00+00,Saturday,4,Private Bus,3248,812,3421
2020/11/01 04:00:00+00,Saturday,4,Bus,411201,102800,3422
2020/08/01 04:00:00+00,Saturday,5,Heavy Rail,384926,76985,3423
2020/12/01 05:00:00+00,Saturday,4,Bus,335542,83886,3424
2021/01/01 05:00:00+00,Saturday,5,Private Bus,3551,710,3425
2021/02/01 05:00:00+00,Saturday,4,All Bus,523426,130856,3426
2020/09/01 04:00:00+00,Saturday,4,Bus,433630,108408,3427
2021/03/01 05:00:00+00,Saturday,4,All Bus,467871,116968,3428
2020/11/01 04:00:00+00,Saturday,4,Trackless Trolley,9671,2418,3429
2020/08/01 04:00:00+00,Saturday,5,Green Line,132260,26452,3430
2020/12/01 05:00:00+00,Saturday,4,Trackless Trolley,6636,1659,3431
2021/01/01 05:00:00+00,Saturday,5,All Bus,581116,116223,3432
2021/02/01 05:00:00+00,Saturday,4,Commuter Rail,14834,3708,3433
2020/09/01 04:00:00+00,Saturday,4,Trackless Trolley,10121,2530,3434
2021/03/01 05:00:00+00,Saturday,4,Commuter Rail,22208,5552,3435
2021/03/01 05:00:00+00,Sunday,4,Blue Line,53443,13361,3436
2020/11/01 04:00:00+00,Saturday,4,All Bus,462363,115591,3437
2020/08/01 04:00:00+00,Saturday,5,Light Rail,132260,26452,3438
2020/12/01 05:00:00+00,Saturday,4,All Bus,380901,95225,3439
2020/09/01 04:00:00+00,Saturday,4,All Bus,487798,121950,3440
2021/01/01 05:00:00+00,Saturday,5,Commuter Rail,17660,3532,3441
2021/02/01 05:00:00+00,Sunday,4,Blue Line,50740,12685,3442
2021/03/01 05:00:00+00,Sunday,4,Orange Line,98179,24545,3443
2020/09/01 04:00:00+00,Saturday,4,Commuter Rail,24152,6038,3444
2020/08/01 04:00:00+00,Saturday,5,Silver Line,57241,11448,3445
2020/11/01 04:00:00+00,Saturday,4,Commuter Rail,20446,5112,3446
2020/12/01 05:00:00+00,Saturday,4,Commuter Rail,15568,3892,3447
2021/02/01 05:00:00+00,Sunday,4,Orange Line,97783,24446,3448
2021/03/01 05:00:00+00,Sunday,4,Red Line,121301,30325,3449
2021/01/01 05:00:00+00,Sunday,5,Blue Line,56841,11368,3450
2020/09/01 04:00:00+00,Saturday,4,The RIDE,5456,1364,3451
2020/08/01 04:00:00+00,Saturday,5,Bus,558652,111730,3452
2020/11/01 04:00:00+00,Saturday,4,The RIDE,5648,1412,3453
2020/12/01 05:00:00+00,Sunday,4,Blue Line,48726,12182,3454
2021/02/01 05:00:00+00,Sunday,4,Red Line,117367,29342,3455
2021/03/01 05:00:00+00,Sunday,4,Heavy Rail,272923,68231,3456
2021/01/01 05:00:00+00,Sunday,5,Orange Line,114366,22873,3457
2020/09/01 04:00:00+00,Sunday,4,Blue Line,62159,15540,3458
2020/08/01 04:00:00+00,Saturday,5,All Bus,615893,123179,3459
2020/11/01 04:00:00+00,Sunday,5,Blue Line,67097,13419,3460
2020/12/01 05:00:00+00,Sunday,4,Orange Line,82284,20571,3461
2021/02/01 05:00:00+00,Sunday,4,Heavy Rail,265890,66472,3462
2021/03/01 05:00:00+00,Sunday,4,Green Line,97163,24291,3463
2021/01/01 05:00:00+00,Sunday,5,Red Line,130233,26047,3464
2020/09/01 04:00:00+00,Sunday,4,Orange Line,122527,30632,3465
2020/08/01 04:00:00+00,Saturday,5,Commuter Rail,17381,3476,3466
2020/11/01 04:00:00+00,Sunday,5,Orange Line,133393,26679,3467
2020/12/01 05:00:00+00,Sunday,4,Red Line,110176,27544,3468
2021/02/01 05:00:00+00,Sunday,4,Green Line,105291,26323,3469
2021/03/01 05:00:00+00,Sunday,4,Light Rail,97163,24291,3470
2021/01/01 05:00:00+00,Sunday,5,Heavy Rail,301440,60288,3471
2020/09/01 04:00:00+00,Sunday,4,Red Line,132503,33126,3472
2020/08/01 04:00:00+00,Saturday,5,The RIDE,9310,1862,3473
2020/11/01 04:00:00+00,Sunday,5,Red Line,149624,29925,3474
2020/12/01 05:00:00+00,Sunday,4,Heavy Rail,241187,60297,3475
2021/02/01 05:00:00+00,Sunday,4,Light Rail,105291,26323,3476
2021/03/01 05:00:00+00,Sunday,4,Silver Line,35636,8909,3477
2021/01/01 05:00:00+00,Sunday,5,Green Line,106104,21221,3478
2020/09/01 04:00:00+00,Sunday,4,Heavy Rail,317189,79297,3479
2020/08/01 04:00:00+00,Sunday,5,Blue Line,37307,7461,3480
2020/11/01 04:00:00+00,Sunday,5,Heavy Rail,350114,70023,3481
2020/12/01 05:00:00+00,Sunday,4,Green Line,86970,21742,3482
2021/02/01 05:00:00+00,Sunday,4,Silver Line,33402,8350,3483
2021/03/01 05:00:00+00,Sunday,4,Bus,255595,63899,3484
2021/01/01 05:00:00+00,Sunday,5,Light Rail,106104,21221,3485
2020/09/01 04:00:00+00,Sunday,4,Green Line,111611,27903,3486
2020/08/01 04:00:00+00,Sunday,5,Orange Line,122537,24507,3487
2020/11/01 04:00:00+00,Sunday,5,Green Line,123066,24613,3488
2020/12/01 05:00:00+00,Sunday,4,Light Rail,86970,21742,3489
2021/02/01 05:00:00+00,Sunday,4,Bus,242861,60715,3490
2021/03/01 05:00:00+00,Sunday,4,Private Bus,1901,475,3491
2021/01/01 05:00:00+00,Sunday,5,Silver Line,47491,9498,3492
2020/09/01 04:00:00+00,Sunday,4,Light Rail,111611,27903,3493
2020/08/01 04:00:00+00,Sunday,5,Red Line,143144,28629,3494
2020/11/01 04:00:00+00,Sunday,5,Light Rail,123066,24613,3495
2020/12/01 05:00:00+00,Sunday,4,Silver Line,40193,10048,3496
2021/02/01 05:00:00+00,Sunday,4,Private Bus,1776,444,3497
2021/03/01 05:00:00+00,Sunday,4,All Bus,293132,73283,3498
2021/01/01 05:00:00+00,Sunday,5,Bus,340060,68012,3499
2020/09/01 04:00:00+00,Sunday,4,Silver Line,45305,11326,3500
2020/08/01 04:00:00+00,Sunday,5,Heavy Rail,302989,60598,3501
2020/11/01 04:00:00+00,Sunday,5,Silver Line,48559,9712,3502
2020/12/01 05:00:00+00,Sunday,4,Bus,275117,68779,3503
2021/02/01 05:00:00+00,Sunday,4,All Bus,278039,69510,3504
2021/03/01 05:00:00+00,Sunday,4,Commuter Rail,15368,3842,3505
2021/01/01 05:00:00+00,Sunday,5,Private Bus,2075,415,3506
2020/09/01 04:00:00+00,Sunday,4,Bus,364985,91246,3507
2020/08/01 04:00:00+00,Sunday,5,Green Line,105569,21114,3508
2020/11/01 04:00:00+00,Sunday,5,Bus,365869,73174,3509
2020/12/01 05:00:00+00,Sunday,4,All Bus,315309,78827,3510
2021/02/01 05:00:00+00,Sunday,4,Commuter Rail,10388,2597,3511
2021/03/01 05:00:00+00,Total,31,Blue Line,690112,22262,3512
2021/01/01 05:00:00+00,Sunday,5,All Bus,389626,77925,3513
2020/09/01 04:00:00+00,Sunday,4,All Bus,410290,102572,3514
2020/08/01 04:00:00+00,Sunday,5,Light Rail,105569,21114,3515
2020/11/01 04:00:00+00,Sunday,5,All Bus,414429,82886,3516
2020/12/01 05:00:00+00,Sunday,4,Commuter Rail,14400,3600,3517
2021/02/01 05:00:00+00,Total,28,Blue Line,552548,19734,3518
2021/03/01 05:00:00+00,Total,31,Orange Line,1450143,46779,3519
2021/01/01 05:00:00+00,Sunday,5,Commuter Rail,16034,3207,3520
2020/09/01 04:00:00+00,Sunday,4,Commuter Rail,13215,3304,3521
2020/08/01 04:00:00+00,Sunday,5,Silver Line,48260,9652,3522
2020/11/01 04:00:00+00,Sunday,5,Commuter Rail,19999,4000,3523
2020/12/01 05:00:00+00,Sunday,4,The RIDE,3464,866,3524
2021/02/01 05:00:00+00,Total,28,Orange Line,1214637,43380,3525
2021/03/01 05:00:00+00,Total,31,Red Line,1703232,54943,3526
2021/01/01 05:00:00+00,Total,31,Blue Line,576132,18585,3527
2020/09/01 04:00:00+00,Sunday,4,The RIDE,3512,878,3528
2020/08/01 04:00:00+00,Sunday,5,Bus,347365,69473,3529
2020/11/01 04:00:00+00,Sunday,5,The RIDE,4570,914,3530
2020/12/01 05:00:00+00,Total,31,Blue Line,560106,18068,3531
2020/12/01 05:00:00+00,Total,31,Orange Line,1220244,39363,3532
2020/12/01 05:00:00+00,Total,31,Red Line,1389002,44807,3533
2020/12/01 05:00:00+00,Total,31,Heavy Rail,3169352,102237,3534
2020/12/01 05:00:00+00,Total,31,Green Line,1015921,32772,3535
2020/12/01 05:00:00+00,Total,31,Light Rail,1015921,32772,3536
2020/12/01 05:00:00+00,Total,31,Silver Line,371044,11969,3537
2020/12/01 05:00:00+00,Total,31,Bus,3625584,116954,3538
2020/12/01 05:00:00+00,Total,31,Trackless Trolley,74683,2409,3539
2020/12/01 05:00:00+00,Total,31,Private Bus,34122,1101,3540
2020/12/01 05:00:00+00,Total,31,All Bus,4105434,132433,3541
2020/08/01 04:00:00+00,Sunday,5,All Bus,395625,79125,3542
2021/02/01 05:00:00+00,Total,28,Red Line,1361622,48629,3543
2020/11/01 04:00:00+00,Total,30,Blue Line,604304,20143,3544
2020/09/01 04:00:00+00,Total,30,Blue Line,698212,23274,3545
2020/08/01 04:00:00+00,Sunday,5,Commuter Rail,15113,3023,3546
2021/03/01 05:00:00+00,Total,31,Heavy Rail,3843487,123983,3547
2021/02/01 05:00:00+00,Total,28,Heavy Rail,3128807,111743,3548
2020/11/01 04:00:00+00,Total,30,Orange Line,1345735,44858,3549
2020/09/01 04:00:00+00,Total,30,Orange Line,1508907,50297,3550
2020/08/01 04:00:00+00,Sunday,5,The RIDE,6270,1254,3551
2021/03/01 05:00:00+00,Total,31,Green Line,1326665,42796,3552
2021/02/01 05:00:00+00,Total,28,Green Line,1092775,39028,3553
2020/11/01 04:00:00+00,Total,30,Red Line,1477327,49244,3554
2020/09/01 04:00:00+00,Total,30,Red Line,1644315,54810,3555
2020/08/01 04:00:00+00,Total,31,Blue Line,575160,18554,3556
2021/03/01 05:00:00+00,Total,31,Light Rail,1326665,42796,3557
2021/02/01 05:00:00+00,Total,28,Light Rail,1092775,39028,3558
2021/01/01 05:00:00+00,Total,31,Orange Line,1255781,40509,3559
2020/11/01 04:00:00+00,Total,30,Heavy Rail,3427366,114246,3560
2020/09/01 04:00:00+00,Total,30,Heavy Rail,3851434,128381,3561
2020/08/01 04:00:00+00,Total,31,Orange Line,1296660,41828,3562
2021/03/01 05:00:00+00,Total,31,Silver Line,407218,13136,3563
2021/02/01 05:00:00+00,Total,28,Silver Line,328957,11748,3564
2021/01/01 05:00:00+00,Total,31,Red Line,1392431,44917,3565
2020/11/01 04:00:00+00,Total,30,Green Line,1146277,38209,3566
2020/09/01 04:00:00+00,Total,30,Green Line,1270411,42347,3567
2020/08/01 04:00:00+00,Total,31,Red Line,1458827,47059,3568
2021/03/01 05:00:00+00,Total,31,Bus,4178265,134783,3569
2021/02/01 05:00:00+00,Total,28,Bus,3352069,119717,3570
2021/01/01 05:00:00+00,Total,31,Heavy Rail,3224344,104011,3571
2020/11/01 04:00:00+00,Total,30,Light Rail,1146277,38209,3572
2020/09/01 04:00:00+00,Total,30,Light Rail,1270411,42347,3573
2020/08/01 04:00:00+00,Total,31,Heavy Rail,3330647,107440,3574
2021/03/01 05:00:00+00,Total,31,Trackless Trolley,82216,2652,3575
2021/02/01 05:00:00+00,Total,28,Trackless Trolley,71116,2540,3576
2021/01/01 05:00:00+00,Total,31,Green Line,1056887,34093,3577
2020/11/01 04:00:00+00,Total,30,Silver Line,365668,12189,3578
2020/09/01 04:00:00+00,Total,30,Silver Line,386212,12874,3579
2020/08/01 04:00:00+00,Total,31,Green Line,987774,31864,3580
2021/03/01 05:00:00+00,Total,31,Private Bus,34474,1112,3581
2021/02/01 05:00:00+00,Total,28,Private Bus,29929,1069,3582
2021/01/01 05:00:00+00,Total,31,Light Rail,1056887,34093,3583
2020/11/01 04:00:00+00,Total,30,Bus,3704996,123500,3584
2020/09/01 04:00:00+00,Total,30,Bus,4016026,133868,3585
2020/08/01 04:00:00+00,Total,31,Light Rail,987774,31864,3586
2021/03/01 05:00:00+00,Total,31,All Bus,4702173,151683,3587
2021/02/01 05:00:00+00,Total,28,All Bus,3782071,135074,3588
2021/01/01 05:00:00+00,Total,31,Silver Line,342824,11059,3589
2020/11/01 04:00:00+00,Total,30,Trackless Trolley,80361,2679,3590
2020/08/01 04:00:00+00,Total,31,Silver Line,385679,12441,3591
2021/03/01 05:00:00+00,Total,31,Commuter Rail,348892,11255,3592
2021/02/01 05:00:00+00,Total,28,Commuter Rail,257158,9184,3593
2021/01/01 05:00:00+00,Total,31,Bus,3428806,110607,3594
2020/11/01 04:00:00+00,Total,30,Private Bus,34014,1134,3595
2020/08/01 04:00:00+00,Total,31,Bus,3840144,123876,3596
2021/03/01 05:00:00+00,Total,31,Ferry,6920,223,3597
2021/01/01 05:00:00+00,Total,31,Trackless Trolley,72748,2347,3598
2021/01/01 05:00:00+00,Total,31,Private Bus,29878,964,3599
2021/01/01 05:00:00+00,Total,31,All Bus,3874257,124976,3600
2019/12/01 05:00:00+00,Weekday,21,Green Line,3267278,155585,3601
2019/12/01 05:00:00+00,Weekday,21,Light Rail,3267278,155585,3602
2019/12/01 05:00:00+00,Weekday,21,Silver Line,739832,35230,3603
2019/12/01 05:00:00+00,Weekday,21,Bus,6502513,309643,3604
2019/12/01 05:00:00+00,Weekday,21,Trackless Trolley,185293,8823,3605
2019/12/01 05:00:00+00,Weekday,21,Private Bus,149016,7096,3606
2019/12/01 05:00:00+00,Weekday,21,All Bus,7576654,360793,3607
2019/12/01 05:00:00+00,Weekday,21,Commuter Rail,2538270,120870,3608
2019/12/01 05:00:00+00,Weekday,21,Ferry,93492,4452,3609
2019/12/01 05:00:00+00,Weekday,21,The RIDE,109914,5234,3610
2019/12/01 05:00:00+00,Saturday,4,Blue Line,154720,38680,3611
2019/12/01 05:00:00+00,Saturday,4,Orange Line,352977,88244,3612
2019/12/01 05:00:00+00,Saturday,4,Red Line,280078,70020,3613
2019/12/01 05:00:00+00,Saturday,4,Heavy Rail,787775,196944,3614
2019/12/01 05:00:00+00,Saturday,4,Green Line,369863,92466,3615
2019/12/01 05:00:00+00,Saturday,4,Light Rail,369863,92466,3616
2019/12/01 05:00:00+00,Saturday,4,Silver Line,76916,19229,3617
2019/12/01 05:00:00+00,Saturday,4,Bus,685719,171430,3618
2019/12/01 05:00:00+00,Saturday,4,Trackless Trolley,17205,4301,3619
2019/12/01 05:00:00+00,Saturday,4,All Bus,779840,194960,3620
2019/12/01 05:00:00+00,Saturday,4,Commuter Rail,68980,17245,3621
2020/02/01 05:00:00+00,Weekday,19,Silver Line,709788,37357,3622
2020/03/01 05:00:00+00,Weekday,22,Bus,4547611,206710,3623
2020/04/01 04:00:00+00,Weekday,22,Heavy Rail,985623,44801,3624
2020/08/01 04:00:00+00,Total,31,Trackless Trolley,3268,105,3625
2019/12/01 05:00:00+00,Saturday,4,The RIDE,11872,2968,3626
2019/12/01 05:00:00+00,Sunday,5,Blue Line,147696,29539,3627
2019/12/01 05:00:00+00,Sunday,5,Orange Line,329166,65833,3628
2019/12/01 05:00:00+00,Sunday,5,Red Line,292614,58523,3629
2019/12/01 05:00:00+00,Sunday,5,Heavy Rail,769476,153895,3630
2019/12/01 05:00:00+00,Sunday,5,Green Line,349748,69950,3631
2019/12/01 05:00:00+00,Sunday,5,Light Rail,349748,69950,3632
2019/12/01 05:00:00+00,Sunday,5,Silver Line,83436,16687,3633
2019/12/01 05:00:00+00,Sunday,5,Bus,546703,109341,3634
2019/12/01 05:00:00+00,Sunday,5,All Bus,630139,126028,3635
2019/12/01 05:00:00+00,Sunday,5,Commuter Rail,60625,12125,3636
2019/12/01 05:00:00+00,Sunday,5,The RIDE,13800,2760,3637
2019/12/01 05:00:00+00,Total,31,Blue Line,1626513,52468,3638
2019/12/01 05:00:00+00,Total,31,Orange Line,4607713,148636,3639
2019/12/01 05:00:00+00,Total,31,Red Line,5341073,172293,3640
2019/12/01 05:00:00+00,Total,31,Heavy Rail,11575299,373397,3641
2019/12/01 05:00:00+00,Total,31,Green Line,4011537,129404,3642
2019/12/01 05:00:00+00,Total,31,Light Rail,4011537,129404,3643
2019/12/01 05:00:00+00,Total,31,Silver Line,910832,29382,3644
2019/12/01 05:00:00+00,Total,31,Bus,7788651,251247,3645
2019/12/01 05:00:00+00,Total,31,Trackless Trolley,202498,6532,3646
2019/12/01 05:00:00+00,Total,31,Private Bus,96504,3113,3647
2019/12/01 05:00:00+00,Total,31,All Bus,8998485,290274,3648
2019/12/01 05:00:00+00,Total,31,Commuter Rail,2679997,86452,3649
2019/12/01 05:00:00+00,Total,31,Ferry,140704,4539,3650
2019/12/01 05:00:00+00,Total,31,The RIDE,95797,3090,3651
2019/11/01 04:00:00+00,Weekday,20,Blue Line,1370955,68548,3652
2019/11/01 04:00:00+00,Weekday,20,Orange Line,4165782,208289,3653
2019/11/01 04:00:00+00,Weekday,20,Red Line,5144157,257208,3654
2020/06/01 04:00:00+00,Total,30,The RIDE,52195,1740,3655
2020/01/01 05:00:00+00,Weekday,21,Light Rail,3473442,165402,3656
2020/02/01 05:00:00+00,Weekday,19,Bus,6547625,344612,3657
2020/02/01 05:00:00+00,Weekday,19,Trackless Trolley,197457,10392,3658
2020/02/01 05:00:00+00,Weekday,19,Private Bus,107730,5670,3659
2020/04/01 04:00:00+00,Weekday,22,Green Line,190670,8667,3660
2020/05/01 04:00:00+00,Weekday,20,Blue Line,119521,5976,3661
2020/02/01 05:00:00+00,Weekday,19,All Bus,7562599,398032,3662
2020/08/01 04:00:00+00,Total,31,Private Bus,37733,1217,3663
2020/03/01 05:00:00+00,Weekday,22,Trackless Trolley,101973,4635,3664
2020/04/01 04:00:00+00,Weekday,22,Light Rail,190670,8667,3665
2020/05/01 04:00:00+00,Weekday,20,Orange Line,408107,20405,3666
2020/02/01 05:00:00+00,Weekday,19,Commuter Rail,2267555,119345,3667
2020/07/01 04:00:00+00,Total,31,All Bus,4342261,140073,3668
2020/08/01 04:00:00+00,Total,31,All Bus,4266824,137639,3669
2020/03/01 05:00:00+00,Weekday,22,Private Bus,49742,2261,3670
2020/04/01 04:00:00+00,Weekday,22,Silver Line,172252,7830,3671
2020/05/01 04:00:00+00,Weekday,20,Red Line,472272,23614,3672
2020/01/01 05:00:00+00,Weekday,21,Silver Line,778615,37077,3673
2020/02/01 05:00:00+00,Weekday,19,Ferry,100833,5307,3674
2020/07/01 04:00:00+00,Total,31,Commuter Rail,273907,8836,3675
2020/08/01 04:00:00+00,Total,31,Commuter Rail,308476,9951,3676
2020/03/01 05:00:00+00,Weekday,22,All Bus,5178451,235384,3677
2020/04/01 04:00:00+00,Weekday,22,Bus,1695919,77087,3678
2020/05/01 04:00:00+00,Weekday,20,Heavy Rail,999901,49995,3679
2020/01/01 05:00:00+00,Weekday,21,Bus,7153034,340621,3680
2020/07/01 04:00:00+00,Total,31,Ferry,15042,485,3681
2020/08/01 04:00:00+00,Total,31,Ferry,18319,591,3682
2020/03/01 05:00:00+00,Weekday,22,Commuter Rail,1003246,45602,3683
2020/02/01 05:00:00+00,Weekday,19,The RIDE,109801,5779,3684
2020/04/01 04:00:00+00,Weekday,22,Private Bus,18414,837,3685
2020/05/01 04:00:00+00,Weekday,20,Green Line,215007,10750,3686
2020/01/01 05:00:00+00,Weekday,21,Trackless Trolley,205072,9765,3687
2020/07/01 04:00:00+00,Total,31,The RIDE,60480,1951,3688
2020/08/01 04:00:00+00,Total,31,The RIDE,55066,1776,3689
2020/03/01 05:00:00+00,Weekday,22,Ferry,66440,3020,3690
2020/02/01 05:00:00+00,Saturday,5,Blue Line,180591,36118,3691
2020/04/01 04:00:00+00,Weekday,22,All Bus,1886586,85754,3692
2020/05/01 04:00:00+00,Weekday,20,Light Rail,215007,10750,3693
2020/01/01 05:00:00+00,Weekday,21,Private Bus,107100,5100,3694
2020/06/01 04:00:00+00,Weekday,22,Blue Line,336590,15300,3695
2020/07/01 04:00:00+00,Weekday,23,Blue Line,485562,21111,3696
2020/03/01 05:00:00+00,Weekday,22,The RIDE,65225,2965,3697
2020/02/01 05:00:00+00,Saturday,5,Orange Line,337415,67483,3698
2020/04/01 04:00:00+00,Weekday,22,Commuter Rail,52726,2397,3699
2020/05/01 04:00:00+00,Weekday,20,Silver Line,186356,9318,3700
2020/01/01 05:00:00+00,Weekday,21,All Bus,8243821,392563,3701
2020/06/01 04:00:00+00,Weekday,22,Orange Line,717112,32596,3702
2020/07/01 04:00:00+00,Weekday,23,Orange Line,980535,42632,3703
2020/03/01 05:00:00+00,Saturday,4,Blue Line,80306,20076,3704
2020/02/01 05:00:00+00,Saturday,5,Red Line,505848,101170,3705
2020/04/01 04:00:00+00,Weekday,22,The RIDE,20397,927,3706
2020/05/01 04:00:00+00,Weekday,20,Bus,1889808,94490,3707
2020/01/01 05:00:00+00,Weekday,21,Commuter Rail,2506182,119342,3708
2020/06/01 04:00:00+00,Weekday,22,Red Line,765860,34812,3709
2020/07/01 04:00:00+00,Weekday,23,Red Line,1066068,46351,3710
2020/03/01 05:00:00+00,Saturday,4,Orange Line,173563,43391,3711
2020/02/01 05:00:00+00,Saturday,5,Heavy Rail,1023854,204771,3712
2020/04/01 04:00:00+00,Saturday,4,Blue Line,20820,5205,3713
2020/05/01 04:00:00+00,Weekday,20,Private Bus,18420,921,3714
2020/01/01 05:00:00+00,Weekday,21,Ferry,106785,5085,3715
2020/06/01 04:00:00+00,Weekday,22,Heavy Rail,1819562,82707,3716
2020/07/01 04:00:00+00,Weekday,23,Heavy Rail,2532165,110094,3717
2020/03/01 05:00:00+00,Saturday,4,Red Line,189470,47368,3718
2020/02/01 05:00:00+00,Saturday,5,Green Line,472421,94484,3719
2020/04/01 04:00:00+00,Saturday,4,Orange Line,45257,11314,3720
2020/05/01 04:00:00+00,Weekday,20,All Bus,2094584,104729,3721
2020/01/01 05:00:00+00,Weekday,21,The RIDE,117180,5580,3722
2020/06/01 04:00:00+00,Weekday,22,Green Line,355293,16150,3723
2020/06/01 04:00:00+00,Weekday,22,Light Rail,355293,16150,3724
2020/06/01 04:00:00+00,Weekday,22,Silver Line,251742,11443,3725
2020/06/01 04:00:00+00,Weekday,22,Bus,2658286,120831,3726
2020/06/01 04:00:00+00,Weekday,22,Private Bus,22741,1034,3727
2020/06/01 04:00:00+00,Weekday,22,All Bus,2932770,133308,3728
2020/06/01 04:00:00+00,Weekday,22,Commuter Rail,110959,5044,3729
2020/06/01 04:00:00+00,Weekday,22,The RIDE,38247,1738,3730
2020/06/01 04:00:00+00,Saturday,4,Blue Line,46719,11680,3731
2020/06/01 04:00:00+00,Saturday,4,Orange Line,90561,22640,3732
2020/06/01 04:00:00+00,Saturday,4,Red Line,97928,24482,3733
2020/06/01 04:00:00+00,Saturday,4,Heavy Rail,235208,58802,3734
2020/06/01 04:00:00+00,Saturday,4,Green Line,49600,12400,3735
2020/06/01 04:00:00+00,Saturday,4,Light Rail,49600,12400,3736
2020/06/01 04:00:00+00,Saturday,4,Silver Line,37722,9430,3737
2020/06/01 04:00:00+00,Saturday,4,Bus,411909,102977,3738
2020/06/01 04:00:00+00,Saturday,4,All Bus,449631,112408,3739
2020/06/01 04:00:00+00,Saturday,4,Commuter Rail,4596,1149,3740
2020/06/01 04:00:00+00,Saturday,4,The RIDE,5492,1373,3741
2020/06/01 04:00:00+00,Sunday,4,Blue Line,36789,9197,3742
2020/06/01 04:00:00+00,Sunday,4,Orange Line,71074,17768,3743
2020/06/01 04:00:00+00,Sunday,4,Red Line,77015,19254,3744
2020/06/01 04:00:00+00,Sunday,4,Heavy Rail,184879,46220,3745
2020/06/01 04:00:00+00,Sunday,4,Green Line,37805,9451,3746
2020/06/01 04:00:00+00,Sunday,4,Light Rail,37805,9451,3747
2020/06/01 04:00:00+00,Sunday,4,Silver Line,32933,8233,3748
2020/06/01 04:00:00+00,Sunday,4,Bus,263444,65861,3749
2020/06/01 04:00:00+00,Sunday,4,All Bus,296378,74094,3750
2020/06/01 04:00:00+00,Sunday,4,Commuter Rail,3861,965,3751
2020/06/01 04:00:00+00,Sunday,4,The RIDE,3504,876,3752
2020/06/01 04:00:00+00,Total,30,Blue Line,420098,14003,3753
2020/06/01 04:00:00+00,Total,30,Orange Line,878747,29292,3754
2020/06/01 04:00:00+00,Total,30,Red Line,940803,31360,3755
2020/06/01 04:00:00+00,Total,30,Heavy Rail,2239649,74655,3756
2020/06/01 04:00:00+00,Total,30,Green Line,442697,14757,3757
2020/06/01 04:00:00+00,Total,30,Light Rail,442697,14757,3758
2020/06/01 04:00:00+00,Total,30,Silver Line,322397,10747,3759
2020/06/01 04:00:00+00,Total,30,Bus,3333640,111121,3760
2020/06/01 04:00:00+00,Total,30,Private Bus,28011,934,3761
2020/06/01 04:00:00+00,Total,30,All Bus,3684048,122802,3762
2020/06/01 04:00:00+00,Total,30,Commuter Rail,119415,3980,3763
2020/06/01 04:00:00+00,Total,30,Ferry,2699,90,3764
2020/07/01 04:00:00+00,Weekday,23,Green Line,622270,27055,3765
2020/07/01 04:00:00+00,Weekday,23,Light Rail,622270,27055,3766
2020/03/01 05:00:00+00,Saturday,4,Heavy Rail,443339,110835,3767
2020/04/01 04:00:00+00,Saturday,4,Red Line,52341,13085,3768
2020/07/01 04:00:00+00,Weekday,23,Silver Line,297526,12936,3769
2020/05/01 04:00:00+00,Weekday,20,Commuter Rail,54478,2724,3770
2020/02/01 05:00:00+00,Saturday,5,Light Rail,472421,94484,3771
2020/03/01 05:00:00+00,Saturday,4,Green Line,151816,37954,3772
2020/04/01 04:00:00+00,Saturday,4,Heavy Rail,118418,29604,3773
2020/07/01 04:00:00+00,Weekday,23,Bus,3063922,133214,3774
2020/01/01 05:00:00+00,Saturday,5,Blue Line,136908,27382,3775
2020/05/01 04:00:00+00,Weekday,20,The RIDE,25153,1258,3776
2020/02/01 05:00:00+00,Saturday,5,Silver Line,103981,20796,3777
2020/03/01 05:00:00+00,Saturday,4,Light Rail,151816,37954,3778
2020/04/01 04:00:00+00,Saturday,4,Green Line,23691,5923,3779
2020/07/01 04:00:00+00,Weekday,23,Private Bus,30406,1322,3780
2020/01/01 05:00:00+00,Saturday,5,Orange Line,241135,48227,3781
2020/05/01 04:00:00+00,Saturday,4,Blue Line,22079,5520,3782
2020/02/01 05:00:00+00,Saturday,5,Bus,839275,167855,3783
2020/03/01 05:00:00+00,Saturday,4,Silver Line,51011,12753,3784
2020/04/01 04:00:00+00,Saturday,4,Light Rail,23691,5923,3785
2020/07/01 04:00:00+00,Weekday,23,All Bus,3391854,147472,3786
2020/01/01 05:00:00+00,Saturday,5,Red Line,376460,75292,3787
2020/05/01 04:00:00+00,Saturday,4,Orange Line,68593,17148,3788
2020/02/01 05:00:00+00,Saturday,5,Trackless Trolley,24235,4847,3789
2020/03/01 05:00:00+00,Saturday,4,Bus,450841,112710,3790
2020/04/01 04:00:00+00,Saturday,4,Silver Line,27092,6773,3791
2020/07/01 04:00:00+00,Weekday,23,Commuter Rail,249088,10830,3792
2020/01/01 05:00:00+00,Saturday,5,Heavy Rail,754502,150900,3793
2020/05/01 04:00:00+00,Saturday,4,Red Line,78560,19640,3794
2020/02/01 05:00:00+00,Saturday,5,All Bus,967491,193498,3795
2020/03/01 05:00:00+00,Saturday,4,Trackless Trolley,10968,2742,3796
2020/04/01 04:00:00+00,Saturday,4,Bus,252632,63158,3797
2020/07/01 04:00:00+00,Weekday,23,Ferry,15042,654,3798
2020/01/01 05:00:00+00,Saturday,5,Green Line,342411,68482,3799
2020/05/01 04:00:00+00,Saturday,4,Heavy Rail,169233,42308,3800
2020/02/01 05:00:00+00,Saturday,5,Commuter Rail,85105,17021,3801
2020/03/01 05:00:00+00,Saturday,4,All Bus,512820,128205,3802
2020/04/01 04:00:00+00,Saturday,4,All Bus,279725,69931,3803
2020/07/01 04:00:00+00,Weekday,23,The RIDE,43597,1896,3804
2020/01/01 05:00:00+00,Saturday,5,Light Rail,342411,68482,3805
2020/05/01 04:00:00+00,Saturday,4,Green Line,37536,9384,3806
2020/02/01 05:00:00+00,Saturday,5,The RIDE,14370,2874,3807
2020/03/01 05:00:00+00,Saturday,4,Commuter Rail,19489,4872,3808
2020/04/01 04:00:00+00,Saturday,4,Commuter Rail,1362,340,3809
2020/07/01 04:00:00+00,Saturday,3,Blue Line,51047,17016,3810
2020/01/01 05:00:00+00,Saturday,5,Silver Line,82017,16403,3811
2020/05/01 04:00:00+00,Saturday,4,Light Rail,37536,9384,3812
2020/02/01 05:00:00+00,Sunday,4,Blue Line,108417,27104,3813
2020/03/01 05:00:00+00,Saturday,4,The RIDE,6616,1654,3814
2020/04/01 04:00:00+00,Saturday,4,The RIDE,3100,775,3815
2020/07/01 04:00:00+00,Saturday,3,Orange Line,92769,30923,3816
2020/07/01 04:00:00+00,Saturday,3,Red Line,95351,31784,3817
2020/07/01 04:00:00+00,Saturday,3,Heavy Rail,239168,79723,3818
2020/07/01 04:00:00+00,Saturday,3,Green Line,61697,20566,3819
2020/07/01 04:00:00+00,Saturday,3,Light Rail,61697,20566,3820
2020/07/01 04:00:00+00,Saturday,3,Silver Line,48242,16081,3821
2020/07/01 04:00:00+00,Saturday,3,Bus,476736,158912,3822
2020/07/01 04:00:00+00,Saturday,3,All Bus,524978,174993,3823
2020/07/01 04:00:00+00,Saturday,3,Commuter Rail,10714,3571,3824
2020/07/01 04:00:00+00,Saturday,3,The RIDE,4878,1626,3825
2020/07/01 04:00:00+00,Sunday,4,Blue Line,51628,12907,3826
2020/07/01 04:00:00+00,Sunday,4,Orange Line,89086,22272,3827
2020/07/01 04:00:00+00,Sunday,4,Red Line,95350,23838,3828
2020/07/01 04:00:00+00,Sunday,4,Heavy Rail,236064,59016,3829
2020/07/01 04:00:00+00,Sunday,4,Green Line,59244,14811,3830
2020/07/01 04:00:00+00,Sunday,4,Light Rail,59244,14811,3831
2020/07/01 04:00:00+00,Sunday,4,Silver Line,47466,11866,3832
2020/07/01 04:00:00+00,Sunday,4,Bus,372487,93122,3833
2020/07/01 04:00:00+00,Sunday,4,All Bus,419954,104988,3834
2020/07/01 04:00:00+00,Sunday,4,Commuter Rail,8428,2107,3835
2020/07/01 04:00:00+00,Sunday,4,The RIDE,4652,1163,3836
2020/07/01 04:00:00+00,Total,31,Blue Line,601730,19411,3837
2020/07/01 04:00:00+00,Total,31,Orange Line,1186796,38284,3838
2020/07/01 04:00:00+00,Total,31,Red Line,1279618,41278,3839
2020/07/01 04:00:00+00,Total,31,Heavy Rail,3068144,98972,3840
2020/07/01 04:00:00+00,Total,31,Green Line,758147,24456,3841
2020/07/01 04:00:00+00,Total,31,Light Rail,758147,24456,3842
2020/07/01 04:00:00+00,Total,31,Silver Line,393234,12685,3843
2020/07/01 04:00:00+00,Total,31,Bus,3913145,126230,3844
2020/07/01 04:00:00+00,Total,31,Private Bus,35882,1157,3845
2020/01/01 05:00:00+00,Saturday,5,Bus,647624,129525,3846
2020/03/01 05:00:00+00,Sunday,5,Blue Line,86705,17341,3847
2020/05/01 04:00:00+00,Saturday,4,Silver Line,38443,9611,3848
2020/02/01 05:00:00+00,Sunday,4,Orange Line,168181,42045,3849
2020/01/01 05:00:00+00,Saturday,5,Trackless Trolley,16538,3308,3850
2020/04/01 04:00:00+00,Sunday,4,Blue Line,15911,3978,3851
2020/03/01 05:00:00+00,Sunday,5,Orange Line,191177,38235,3852
2020/05/01 04:00:00+00,Saturday,4,Bus,380902,95226,3853
2020/02/01 05:00:00+00,Sunday,4,Red Line,302314,75578,3854
2020/01/01 05:00:00+00,Saturday,5,All Bus,746179,149236,3855
2020/04/01 04:00:00+00,Sunday,4,Orange Line,34986,8746,3856
2020/03/01 05:00:00+00,Sunday,5,Red Line,216069,43214,3857
2020/05/01 04:00:00+00,Saturday,4,All Bus,419345,104836,3858
2020/02/01 05:00:00+00,Sunday,4,Heavy Rail,578911,144728,3859
2020/01/01 05:00:00+00,Saturday,5,Commuter Rail,83730,16746,3860
2020/04/01 04:00:00+00,Sunday,4,Red Line,42387,10597,3861
2020/03/01 05:00:00+00,Sunday,5,Heavy Rail,493951,98790,3862
2020/05/01 04:00:00+00,Saturday,4,Commuter Rail,2744,686,3863
2020/02/01 05:00:00+00,Sunday,4,Green Line,277211,69303,3864
2020/01/01 05:00:00+00,Saturday,5,The RIDE,14205,2841,3865
2020/04/01 04:00:00+00,Sunday,4,Heavy Rail,93284,23321,3866
2020/03/01 05:00:00+00,Sunday,5,Green Line,168034,33607,3867
2020/05/01 04:00:00+00,Saturday,4,The RIDE,3928,982,3868
2020/02/01 05:00:00+00,Sunday,4,Light Rail,277211,69303,3869
2020/01/01 05:00:00+00,Sunday,4,Blue Line,107443,26861,3870
2020/04/01 04:00:00+00,Sunday,4,Green Line,18486,4622,3871
2020/03/01 05:00:00+00,Sunday,5,Light Rail,168034,33607,3872
2020/05/01 04:00:00+00,Sunday,5,Blue Line,18464,3693,3873
2020/02/01 05:00:00+00,Sunday,4,Silver Line,65391,16348,3874
2020/01/01 05:00:00+00,Sunday,4,Orange Line,171335,42834,3875
2020/04/01 04:00:00+00,Sunday,4,Light Rail,18486,4622,3876
2020/03/01 05:00:00+00,Sunday,5,Silver Line,61924,12385,3877
2020/05/01 04:00:00+00,Sunday,5,Orange Line,58702,11740,3878
2020/02/01 05:00:00+00,Sunday,4,Bus,449140,112285,3879
2020/01/01 05:00:00+00,Sunday,4,Red Line,297055,74264,3880
2020/04/01 04:00:00+00,Sunday,4,Silver Line,25135,6284,3881
2020/03/01 05:00:00+00,Sunday,5,Bus,392645,78529,3882
2020/05/01 04:00:00+00,Sunday,5,Red Line,71224,14245,3883
2020/02/01 05:00:00+00,Sunday,4,All Bus,514531,128633,3884
2020/01/01 05:00:00+00,Sunday,4,Heavy Rail,575833,143958,3885
2020/04/01 04:00:00+00,Sunday,4,Bus,166842,41710,3886
2020/03/01 05:00:00+00,Sunday,5,All Bus,454570,90914,3887
2020/05/01 04:00:00+00,Sunday,5,Heavy Rail,148390,29678,3888
2020/02/01 05:00:00+00,Sunday,4,Commuter Rail,46292,11573,3889
2020/01/01 05:00:00+00,Sunday,4,Green Line,262699,65675,3890
2020/04/01 04:00:00+00,Sunday,4,All Bus,191977,47994,3891
2020/03/01 05:00:00+00,Sunday,5,Commuter Rail,24824,4965,3892
2020/05/01 04:00:00+00,Sunday,5,Green Line,33191,6638,3893
2020/02/01 05:00:00+00,Sunday,4,The RIDE,10739,2685,3894
2020/01/01 05:00:00+00,Sunday,4,Light Rail,262699,65675,3895
2020/04/01 04:00:00+00,Sunday,4,Commuter Rail,926,232,3896
2020/03/01 05:00:00+00,Sunday,5,The RIDE,7097,1419,3897
2020/05/01 04:00:00+00,Sunday,5,Light Rail,33191,6638,3898
2020/02/01 05:00:00+00,Total,29,Blue Line,1607164,55419,3899
2020/01/01 05:00:00+00,Sunday,4,Silver Line,72457,18114,3900
2020/04/01 04:00:00+00,Sunday,4,The RIDE,1523,381,3901
2020/03/01 05:00:00+00,Total,31,Blue Line,990544,31953,3902
2020/05/01 04:00:00+00,Sunday,5,Silver Line,35334,7067,3903
2020/02/01 05:00:00+00,Total,29,Orange Line,4558025,157173,3904
2020/01/01 05:00:00+00,Sunday,4,Bus,448113,112028,3905
2020/04/01 04:00:00+00,Total,30,Blue Line,204396,6813,3906
2020/03/01 05:00:00+00,Total,31,Orange Line,2614438,84337,3907
2020/05/01 04:00:00+00,Sunday,5,Bus,265812,53162,3908
2020/02/01 05:00:00+00,Total,29,Red Line,5777034,199208,3909
2020/01/01 05:00:00+00,Sunday,4,All Bus,520570,130142,3910
2020/04/01 04:00:00+00,Total,30,Orange Line,463825,15461,3911
2020/04/01 04:00:00+00,Total,30,Red Line,529103,17637,3912
2020/04/01 04:00:00+00,Total,30,Heavy Rail,1197325,39911,3913
2020/04/01 04:00:00+00,Total,30,Green Line,232847,7762,3914
2020/04/01 04:00:00+00,Total,30,Light Rail,232847,7762,3915
2020/04/01 04:00:00+00,Total,30,Silver Line,224480,7483,3916
2020/04/01 04:00:00+00,Total,30,Bus,2115394,70513,3917
2020/04/01 04:00:00+00,Total,30,Private Bus,15749,525,3918
2020/04/01 04:00:00+00,Total,30,All Bus,2355622,78521,3919
2020/04/01 04:00:00+00,Total,30,Commuter Rail,55013,1834,3920
2020/04/01 04:00:00+00,Total,30,The RIDE,26954,898,3921
2020/03/01 05:00:00+00,Weekday,22,Blue Line,823532,37433,3922
2020/03/01 05:00:00+00,Weekday,22,Orange Line,2249698,102259,3923
2020/03/01 05:00:00+00,Weekday,22,Red Line,2676225,121647,3924
2020/03/01 05:00:00+00,Weekday,22,Heavy Rail,5749456,261339,3925
2020/03/01 05:00:00+00,Weekday,22,Green Line,1715174,77962,3926
2020/03/01 05:00:00+00,Weekday,22,Light Rail,1715174,77962,3927
2020/03/01 05:00:00+00,Weekday,22,Silver Line,479125,21778,3928
2020/05/01 04:00:00+00,Sunday,5,All Bus,301146,60229,3929
2020/05/01 04:00:00+00,Sunday,5,Commuter Rail,3430,686,3930
2020/02/01 05:00:00+00,Total,29,Heavy Rail,11942222,411801,3931
2020/05/01 04:00:00+00,Sunday,5,The RIDE,2807,561,3932
2020/01/01 05:00:00+00,Sunday,4,Commuter Rail,47496,11874,3933
2020/03/01 05:00:00+00,Total,31,Red Line,3081763,99412,3934
2020/02/01 05:00:00+00,Total,29,Green Line,4111130,141763,3935
2020/05/01 04:00:00+00,Total,31,Blue Line,161186,5200,3936
2020/01/01 05:00:00+00,Sunday,4,The RIDE,9821,2455,3937
2020/03/01 05:00:00+00,Total,31,Heavy Rail,6686746,215701,3938
2020/02/01 05:00:00+00,Total,29,Light Rail,4111130,141763,3939
2020/05/01 04:00:00+00,Total,31,Orange Line,548013,17678,3940
2020/01/01 05:00:00+00,Total,31,Blue Line,1761812,56833,3941
2020/03/01 05:00:00+00,Total,31,Green Line,2035024,65646,3942
2020/02/01 05:00:00+00,Total,29,Silver Line,901915,31101,3943
2020/05/01 04:00:00+00,Total,31,Red Line,635404,20497,3944
2020/01/01 05:00:00+00,Total,31,Orange Line,5041751,162637,3945
2020/03/01 05:00:00+00,Total,31,Light Rail,2035024,65646,3946
2020/02/01 05:00:00+00,Total,29,Bus,8008280,276148,3947
2020/05/01 04:00:00+00,Total,31,Heavy Rail,1344603,43374,3948
2020/01/01 05:00:00+00,Total,31,Red Line,6286266,202783,3949
2020/03/01 05:00:00+00,Total,31,Silver Line,592061,19099,3950
2020/02/01 05:00:00+00,Total,29,Trackless Trolley,227285,7837,3951
2020/05/01 04:00:00+00,Total,31,Green Line,292649,9440,3952
2020/01/01 05:00:00+00,Total,31,Heavy Rail,13089829,422253,3953
2020/03/01 05:00:00+00,Total,31,Bus,5391097,173906,3954
2020/02/01 05:00:00+00,Total,29,Private Bus,107717,3714,3955
2020/05/01 04:00:00+00,Total,31,Light Rail,292649,9440,3956
2020/01/01 05:00:00+00,Total,31,Green Line,4380768,141315,3957
2020/03/01 05:00:00+00,Total,31,Trackless Trolley,112941,3643,3958
2020/02/01 05:00:00+00,Total,29,All Bus,9245197,318800,3959
2020/05/01 04:00:00+00,Total,31,Silver Line,268072,8647,3960
2020/01/01 05:00:00+00,Total,31,Light Rail,4380768,141315,3961
2020/03/01 05:00:00+00,Total,31,Private Bus,49084,1583,3962
2020/02/01 05:00:00+00,Total,29,Commuter Rail,2415976,83310,3963
2020/05/01 04:00:00+00,Total,31,Bus,2597139,83779,3964
2020/01/01 05:00:00+00,Total,31,Silver Line,973248,31395,3965
2020/03/01 05:00:00+00,Total,31,All Bus,6145183,198232,3966
2020/02/01 05:00:00+00,Total,29,Ferry,140662,4850,3967
2020/05/01 04:00:00+00,Total,31,Private Bus,19666,634,3968
2020/01/01 05:00:00+00,Total,31,Bus,8493962,273999,3969
2020/03/01 05:00:00+00,Total,31,Commuter Rail,1047559,33792,3970
2020/02/01 05:00:00+00,Total,29,The RIDE,98059,3381,3971
2020/05/01 04:00:00+00,Total,31,All Bus,2884876,93061,3972
2020/01/01 05:00:00+00,Total,31,Trackless Trolley,226895,7319,3973
2020/03/01 05:00:00+00,Total,31,Ferry,86936,2804,3974
2020/01/01 05:00:00+00,Weekday,21,Blue Line,1397179,66532,3975
2020/05/01 04:00:00+00,Total,31,Commuter Rail,62083,2003,3976
2020/01/01 05:00:00+00,Total,31,Private Bus,96904,3126,3977
2020/03/01 05:00:00+00,Total,31,The RIDE,67365,2173,3978
2020/01/01 05:00:00+00,Weekday,21,Orange Line,4321821,205801,3979
2020/05/01 04:00:00+00,Total,31,The RIDE,35627,1149,3980
2020/01/01 05:00:00+00,Total,31,All Bus,9791008,315839,3981
2020/02/01 05:00:00+00,Weekday,19,Blue Line,1277354,67229,3982
2020/01/01 05:00:00+00,Weekday,21,Red Line,5260299,250490,3983
2020/04/01 04:00:00+00,Weekday,22,Blue Line,167665,7621,3984
2020/01/01 05:00:00+00,Total,31,Commuter Rail,2751882,88770,3985
2020/02/01 05:00:00+00,Weekday,19,Orange Line,3954096,208110,3986
2020/01/01 05:00:00+00,Weekday,21,Heavy Rail,10979299,522824,3987
2020/04/01 04:00:00+00,Weekday,22,Orange Line,383582,17436,3988
2020/01/01 05:00:00+00,Total,31,Ferry,149484,4822,3989
2020/02/01 05:00:00+00,Weekday,19,Red Line,4848407,255179,3990
2020/01/01 05:00:00+00,Weekday,21,Green Line,3473442,165402,3991
2020/04/01 04:00:00+00,Weekday,22,Red Line,434375,19744,3992
2020/01/01 05:00:00+00,Total,31,The RIDE,113900,3674,3993
2020/02/01 05:00:00+00,Weekday,19,Heavy Rail,10079857,530519,3994
2019/12/01 05:00:00+00,Weekday,21,Blue Line,1310945,62426,3995
2020/02/01 05:00:00+00,Weekday,19,Green Line,3260192,171589,3996
2019/12/01 05:00:00+00,Weekday,21,Orange Line,3895916,185520,3997
2020/02/01 05:00:00+00,Weekday,19,Light Rail,3260192,171589,3998
2019/12/01 05:00:00+00,Weekday,21,Red Line,4735624,225506,3999
2019/12/01 05:00:00+00,Weekday,21,Heavy Rail,9942485,473452,4000
2019/09/01 04:00:00+00,Weekday,20,Orange Line,4505587,225279,4001
2019/09/01 04:00:00+00,Weekday,20,Red Line,5485803,274290,4002
2019/09/01 04:00:00+00,Weekday,20,Heavy Rail,11512557,575628,4003
2019/11/01 04:00:00+00,Weekday,20,Heavy Rail,10680895,534045,4004
2019/06/01 04:00:00+00,Total,30,Commuter Rail,2465906,82197,4005
2019/09/01 04:00:00+00,Weekday,20,Green Line,3869417,193471,4006
2019/09/01 04:00:00+00,Weekday,20,Light Rail,3869417,193471,4007
2019/09/01 04:00:00+00,Weekday,20,Silver Line,738886,36944,4008
2019/09/01 04:00:00+00,Weekday,20,Bus,7253134,362657,4009
2019/09/01 04:00:00+00,Weekday,20,Trackless Trolley,226294,11315,4010
2019/09/01 04:00:00+00,Weekday,20,Private Bus,62320,3116,4011
2019/09/01 04:00:00+00,Weekday,20,All Bus,8280634,414032,4012
2019/09/01 04:00:00+00,Weekday,20,Commuter Rail,2386500,119325,4013
2019/09/01 04:00:00+00,Weekday,20,Ferry,135280,6764,4014
2019/09/01 04:00:00+00,Weekday,20,The RIDE,117000,5850,4015
2019/09/01 04:00:00+00,Saturday,4,Blue Line,184724,46181,4016
2019/09/01 04:00:00+00,Saturday,4,Orange Line,411353,102838,4017
2019/09/01 04:00:00+00,Saturday,4,Red Line,548736,137184,4018
2019/09/01 04:00:00+00,Saturday,4,Heavy Rail,1144813,286203,4019
2019/09/01 04:00:00+00,Saturday,4,Green Line,492638,123160,4020
2019/09/01 04:00:00+00,Saturday,4,Light Rail,492638,123160,4021
2019/09/01 04:00:00+00,Saturday,4,Silver Line,85058,21264,4022
2019/09/01 04:00:00+00,Saturday,4,Bus,730792,182698,4023
2019/09/01 04:00:00+00,Saturday,4,Trackless Trolley,23154,5788,4024
2019/09/01 04:00:00+00,Saturday,4,All Bus,839005,209751,4025
2019/09/01 04:00:00+00,Saturday,4,Commuter Rail,66024,16506,4026
2019/09/01 04:00:00+00,Saturday,4,The RIDE,11544,2886,4027
2019/09/01 04:00:00+00,Sunday,5,Blue Line,180530,36106,4028
2019/09/01 04:00:00+00,Sunday,5,Orange Line,379862,75972,4029
2019/09/01 04:00:00+00,Sunday,5,Red Line,520834,104167,4030
2019/09/01 04:00:00+00,Sunday,5,Heavy Rail,1081226,216245,4031
2019/09/01 04:00:00+00,Sunday,5,Green Line,460581,92116,4032
2019/09/01 04:00:00+00,Sunday,5,Light Rail,460581,92116,4033
2019/09/01 04:00:00+00,Sunday,5,Silver Line,89845,17969,4034
2019/09/01 04:00:00+00,Sunday,5,Bus,615343,123069,4035
2019/09/01 04:00:00+00,Sunday,5,All Bus,705188,141038,4036
2019/09/01 04:00:00+00,Sunday,5,Commuter Rail,59505,11901,4037
2019/09/01 04:00:00+00,Sunday,5,The RIDE,14133,2827,4038
2019/09/01 04:00:00+00,Total,30,Blue Line,1919750,63992,4039
2019/09/01 04:00:00+00,Total,30,Orange Line,5371381,179046,4040
2019/09/01 04:00:00+00,Total,30,Red Line,6639955,221332,4041
2019/09/01 04:00:00+00,Total,30,Heavy Rail,13931085,464370,4042
2019/09/01 04:00:00+00,Total,30,Green Line,4903676,163456,4043
2019/09/01 04:00:00+00,Total,30,Light Rail,4903676,163456,4044
2019/09/01 04:00:00+00,Total,30,Silver Line,933957,31132,4045
2019/09/01 04:00:00+00,Total,30,Bus,8720168,290672,4046
2019/09/01 04:00:00+00,Total,30,Trackless Trolley,249448,8315,4047
2019/09/01 04:00:00+00,Total,30,Private Bus,78625,2621,4048
2019/09/01 04:00:00+00,Total,30,All Bus,9982198,332740,4049
2019/09/01 04:00:00+00,Total,30,Commuter Rail,2553903,85130,4050
2019/09/01 04:00:00+00,Total,30,Ferry,148822,4961,4051
2019/09/01 04:00:00+00,Total,30,The RIDE,158647,5288,4052
2019/08/01 04:00:00+00,Weekday,22,Blue Line,1569038,71320,4053
2019/05/01 04:00:00+00,Total,31,All Bus,10287088,331842,4054
2019/10/01 04:00:00+00,Weekday,23,Red Line,6281604,273113,4055
2019/08/01 04:00:00+00,Total,31,The RIDE,202987,6548,4056
2019/07/01 04:00:00+00,Total,31,Ferry,150474,4854,4057
2019/06/01 04:00:00+00,Total,30,Ferry,167104,5570,4058
2019/07/01 04:00:00+00,Weekday,22,Blue Line,1595001,72500,4059
2019/08/01 04:00:00+00,Weekday,22,Orange Line,4423578,201072,4060
2019/11/01 04:00:00+00,Weekday,20,Green Line,3510859,175543,4061
2019/05/01 04:00:00+00,Total,31,Commuter Rail,2702198,87168,4062
2019/10/01 04:00:00+00,Weekday,23,Heavy Rail,12994314,564970,4063
2019/06/01 04:00:00+00,Total,30,The RIDE,150073,5002,4064
2019/07/01 04:00:00+00,Weekday,22,Orange Line,4532500,206023,4065
2019/08/01 04:00:00+00,Weekday,22,Red Line,5451750,247807,4066
2019/11/01 04:00:00+00,Weekday,20,Light Rail,3510859,175543,4067
2019/05/01 04:00:00+00,Total,31,Ferry,139499,4500,4068
2019/07/01 04:00:00+00,Total,31,The RIDE,200568,6470,4069
2019/10/01 04:00:00+00,Weekday,23,Green Line,4263843,185384,4070
2019/05/01 04:00:00+00,Weekday,23,Blue Line,1510954,65694,4071
2019/07/01 04:00:00+00,Weekday,22,Red Line,5580380,253654,4072
2019/08/01 04:00:00+00,Weekday,22,Heavy Rail,11444367,520198,4073
2019/11/01 04:00:00+00,Weekday,20,Silver Line,829138,41457,4074
2019/05/01 04:00:00+00,Total,31,The RIDE,162453,5240,4075
2019/06/01 04:00:00+00,Weekday,20,Blue Line,1423295,71165,4076
2019/10/01 04:00:00+00,Weekday,23,Light Rail,4263843,185384,4077
2019/05/01 04:00:00+00,Weekday,23,Orange Line,4528760,196903,4078
2019/07/01 04:00:00+00,Weekday,22,Heavy Rail,11707881,532176,4079
2019/08/01 04:00:00+00,Weekday,22,Green Line,3794895,172495,4080
2019/11/01 04:00:00+00,Weekday,20,Bus,6872558,343628,4081
2019/04/01 04:00:00+00,Weekday,22,Blue Line,1474893,67041,4082
2019/06/01 04:00:00+00,Weekday,20,Orange Line,4135346,206767,4083
2019/10/01 04:00:00+00,Weekday,23,Silver Line,894937,38910,4084
2019/05/01 04:00:00+00,Weekday,23,Red Line,5681868,247038,4085
2019/07/01 04:00:00+00,Weekday,22,Green Line,3965521,180251,4086
2019/08/01 04:00:00+00,Weekday,22,Light Rail,3794895,172495,4087
2019/11/01 04:00:00+00,Weekday,20,Trackless Trolley,202936,10147,4088
2019/04/01 04:00:00+00,Weekday,22,Orange Line,4492855,204221,4089
2019/06/01 04:00:00+00,Weekday,20,Red Line,4996532,249827,4090
2019/10/01 04:00:00+00,Weekday,23,Bus,8285653,360246,4091
2019/05/01 04:00:00+00,Weekday,23,Heavy Rail,11721582,509634,4092
2019/07/01 04:00:00+00,Weekday,22,Light Rail,3965521,180251,4093
2019/08/01 04:00:00+00,Weekday,22,Silver Line,823813,37446,4094
2019/11/01 04:00:00+00,Weekday,20,Private Bus,66260,3313,4095
2019/04/01 04:00:00+00,Weekday,22,Red Line,5637800,256264,4096
2019/06/01 04:00:00+00,Weekday,20,Heavy Rail,10555173,527759,4097
2019/10/01 04:00:00+00,Weekday,23,Trackless Trolley,243147,10572,4098
2019/05/01 04:00:00+00,Weekday,23,Green Line,3960256,172185,4099
2019/07/01 04:00:00+00,Weekday,22,Silver Line,825192,37509,4100
2019/08/01 04:00:00+00,Weekday,22,Bus,7114857,323403,4101
2019/11/01 04:00:00+00,Weekday,20,All Bus,7970892,398545,4102
2019/04/01 04:00:00+00,Weekday,22,Heavy Rail,11605549,527525,4103
2019/06/01 04:00:00+00,Weekday,20,Green Line,3661246,183062,4104
2019/10/01 04:00:00+00,Weekday,23,Private Bus,76475,3325,4105
2019/10/01 04:00:00+00,Weekday,23,All Bus,9500212,413053,4106
2019/10/01 04:00:00+00,Weekday,23,Commuter Rail,2799238,121706,4107
2019/10/01 04:00:00+00,Weekday,23,Ferry,136022,5914,4108
2019/10/01 04:00:00+00,Weekday,23,The RIDE,137172,5964,4109
2019/10/01 04:00:00+00,Saturday,4,Blue Line,161326,40332,4110
2019/10/01 04:00:00+00,Saturday,4,Orange Line,138143,34536,4111
2019/10/01 04:00:00+00,Saturday,4,Red Line,512123,128031,4112
2019/10/01 04:00:00+00,Saturday,4,Heavy Rail,811592,202898,4113
2019/10/01 04:00:00+00,Saturday,4,Green Line,410495,102624,4114
2019/10/01 04:00:00+00,Saturday,4,Light Rail,410495,102624,4115
2019/10/01 04:00:00+00,Saturday,4,Silver Line,97577,24394,4116
2019/10/01 04:00:00+00,Saturday,4,Bus,728481,182120,4117
2019/10/01 04:00:00+00,Saturday,4,Trackless Trolley,22802,5700,4118
2019/10/01 04:00:00+00,Saturday,4,All Bus,848860,212215,4119
2019/10/01 04:00:00+00,Saturday,4,Commuter Rail,65368,16342,4120
2019/10/01 04:00:00+00,Saturday,4,The RIDE,11648,2912,4121
2019/10/01 04:00:00+00,Sunday,4,Blue Line,117471,29368,4122
2019/10/01 04:00:00+00,Sunday,4,Orange Line,98647,24662,4123
2019/10/01 04:00:00+00,Sunday,4,Red Line,370651,92663,4124
2019/10/01 04:00:00+00,Sunday,4,Heavy Rail,586769,146692,4125
2019/10/01 04:00:00+00,Sunday,4,Green Line,293863,73466,4126
2019/10/01 04:00:00+00,Sunday,4,Light Rail,293863,73466,4127
2019/10/01 04:00:00+00,Sunday,4,Silver Line,79424,19856,4128
2019/10/01 04:00:00+00,Sunday,4,Bus,464601,116150,4129
2019/10/01 04:00:00+00,Sunday,4,All Bus,544026,136006,4130
2019/10/01 04:00:00+00,Sunday,4,Commuter Rail,46888,11722,4131
2019/10/01 04:00:00+00,Sunday,4,The RIDE,10951,2738,4132
2019/10/01 04:00:00+00,Total,31,Blue Line,1970127,63552,4133
2019/10/01 04:00:00+00,Total,31,Orange Line,5258169,169618,4134
2019/10/01 04:00:00+00,Total,31,Red Line,7164378,231109,4135
2019/10/01 04:00:00+00,Total,31,Heavy Rail,14392675,464280,4136
2019/10/01 04:00:00+00,Total,31,Green Line,4968201,160265,4137
2019/10/01 04:00:00+00,Total,31,Light Rail,4968201,160265,4138
2019/10/01 04:00:00+00,Total,31,Silver Line,1071939,34579,4139
2019/10/01 04:00:00+00,Total,31,Bus,9478735,305766,4140
2019/10/01 04:00:00+00,Total,31,Trackless Trolley,265948,8579,4141
2019/10/01 04:00:00+00,Total,31,Private Bus,86862,2802,4142
2019/10/01 04:00:00+00,Total,31,All Bus,10903484,351725,4143
2019/10/01 04:00:00+00,Total,31,Commuter Rail,2911497,93919,4144
2019/10/01 04:00:00+00,Total,31,Ferry,160480,5177,4145
2019/10/01 04:00:00+00,Total,31,The RIDE,146004,4710,4146
2019/09/01 04:00:00+00,Weekday,20,Blue Line,1521166,76058,4147
2019/05/01 04:00:00+00,Weekday,23,Light Rail,3960256,172185,4148
2019/11/01 04:00:00+00,Weekday,20,Commuter Rail,2447860,122393,4149
2019/08/01 04:00:00+00,Weekday,22,Trackless Trolley,223833,10174,4150
2019/07/01 04:00:00+00,Weekday,22,Bus,7204590,327481,4151
2019/06/01 04:00:00+00,Weekday,20,Light Rail,3661246,183062,4152
2019/05/01 04:00:00+00,Weekday,23,Silver Line,850391,36974,4153
2019/11/01 04:00:00+00,Weekday,20,Ferry,105200,5260,4154
2019/04/01 04:00:00+00,Weekday,22,Green Line,4158917,189042,4155
2019/08/01 04:00:00+00,Weekday,22,Private Bus,71610,3255,4156
2019/07/01 04:00:00+00,Weekday,22,Trackless Trolley,236254,10739,4157
2019/06/01 04:00:00+00,Weekday,20,Silver Line,765614,38281,4158
2019/05/01 04:00:00+00,Weekday,23,Bus,7635732,331988,4159
2019/11/01 04:00:00+00,Weekday,20,The RIDE,115260,5763,4160
2019/04/01 04:00:00+00,Weekday,22,Light Rail,4158917,189042,4161
2019/08/01 04:00:00+00,Weekday,22,All Bus,8234113,374278,4162
2019/07/01 04:00:00+00,Weekday,22,Private Bus,73744,3352,4163
2019/06/01 04:00:00+00,Weekday,20,Bus,6752289,337614,4164
2019/05/01 04:00:00+00,Weekday,23,Trackless Trolley,249078,10829,4165
2019/11/01 04:00:00+00,Saturday,5,Blue Line,192893,38579,4166
2019/04/01 04:00:00+00,Weekday,22,Silver Line,823061,37412,4167
2019/08/01 04:00:00+00,Weekday,22,Commuter Rail,2655004,120682,4168
2019/07/01 04:00:00+00,Weekday,22,All Bus,8339781,379081,4169
2019/06/01 04:00:00+00,Weekday,20,Trackless Trolley,217986,10899,4170
2019/05/01 04:00:00+00,Weekday,23,Private Bus,76015,3305,4171
2019/11/01 04:00:00+00,Saturday,5,Orange Line,322772,64554,4172
2019/04/01 04:00:00+00,Weekday,22,Bus,7481108,340050,4173
2019/08/01 04:00:00+00,Weekday,22,Ferry,123200,5600,4174
2019/07/01 04:00:00+00,Weekday,22,Commuter Rail,2625150,119325,4175
2019/06/01 04:00:00+00,Weekday,20,Private Bus,66540,3327,4176
2019/05/01 04:00:00+00,Weekday,23,All Bus,8811215,383096,4177
2019/11/01 04:00:00+00,Saturday,5,Red Line,421899,84380,4178
2019/04/01 04:00:00+00,Weekday,22,Trackless Trolley,234669,10667,4179
2019/08/01 04:00:00+00,Weekday,22,The RIDE,125884,5722,4180
2019/07/01 04:00:00+00,Weekday,22,Ferry,121000,5500,4181
2019/06/01 04:00:00+00,Weekday,20,All Bus,7802430,390122,4182
2019/05/01 04:00:00+00,Weekday,23,Commuter Rail,2777871,120777,4183
2019/11/01 04:00:00+00,Saturday,5,Heavy Rail,937564,187513,4184
2019/04/01 04:00:00+00,Weekday,22,Private Bus,70774,3217,4185
2019/08/01 04:00:00+00,Saturday,5,Blue Line,227234,45447,4186
2019/07/01 04:00:00+00,Weekday,22,The RIDE,123486,5613,4187
2019/06/01 04:00:00+00,Weekday,20,Commuter Rail,2394520,119726,4188
2019/05/01 04:00:00+00,Weekday,23,Ferry,129168,5616,4189
2019/11/01 04:00:00+00,Saturday,5,Green Line,475390,95078,4190
2019/04/01 04:00:00+00,Weekday,22,All Bus,8609612,391346,4191
2019/08/01 04:00:00+00,Saturday,5,Orange Line,496504,99301,4192
2019/07/01 04:00:00+00,Saturday,4,Blue Line,194219,48555,4193
2019/06/01 04:00:00+00,Weekday,20,Ferry,141620,7081,4194
2019/05/01 04:00:00+00,Weekday,23,The RIDE,138460,6020,4195
2019/11/01 04:00:00+00,Saturday,5,Light Rail,475390,95078,4196
2019/04/01 04:00:00+00,Weekday,22,Commuter Rail,2655972,120726,4197
2019/08/01 04:00:00+00,Saturday,5,Red Line,614354,122871,4198
2019/08/01 04:00:00+00,Saturday,5,Heavy Rail,1338091,267618,4199
2019/08/01 04:00:00+00,Saturday,5,Green Line,519289,103858,4200
2019/08/01 04:00:00+00,Saturday,5,Light Rail,519289,103858,4201
2019/08/01 04:00:00+00,Saturday,5,Silver Line,114274,22855,4202
2019/08/01 04:00:00+00,Saturday,5,Bus,883945,176789,4203
2019/08/01 04:00:00+00,Saturday,5,Trackless Trolley,29473,5895,4204
2019/08/01 04:00:00+00,Saturday,5,All Bus,1027693,205539,4205
2019/08/01 04:00:00+00,Saturday,5,Commuter Rail,92185,18437,4206
2019/08/01 04:00:00+00,Saturday,5,The RIDE,14840,2968,4207
2019/08/01 04:00:00+00,Sunday,4,Blue Line,145674,36418,4208
2019/08/01 04:00:00+00,Sunday,4,Orange Line,300910,75228,4209
2019/08/01 04:00:00+00,Sunday,4,Red Line,397855,99464,4210
2019/08/01 04:00:00+00,Sunday,4,Heavy Rail,844439,211110,4211
2019/08/01 04:00:00+00,Sunday,4,Green Line,329283,82321,4212
2019/08/01 04:00:00+00,Sunday,4,Light Rail,329283,82321,4213
2019/08/01 04:00:00+00,Sunday,4,Silver Line,76243,19061,4214
2019/08/01 04:00:00+00,Sunday,4,Bus,468545,117136,4215
2019/08/01 04:00:00+00,Sunday,4,All Bus,544788,136197,4216
2019/08/01 04:00:00+00,Sunday,4,Commuter Rail,53472,13368,4217
2019/08/01 04:00:00+00,Sunday,4,The RIDE,10809,2702,4218
2019/08/01 04:00:00+00,Total,31,Blue Line,1941946,62643,4219
2019/08/01 04:00:00+00,Total,31,Orange Line,5220991,168419,4220
2019/08/01 04:00:00+00,Total,31,Red Line,6463959,208515,4221
2019/08/01 04:00:00+00,Total,31,Heavy Rail,13626897,439577,4222
2019/08/01 04:00:00+00,Total,31,Green Line,4643466,149789,4223
2019/08/01 04:00:00+00,Total,31,Light Rail,4643466,149789,4224
2019/08/01 04:00:00+00,Total,31,Silver Line,1014331,32720,4225
2019/08/01 04:00:00+00,Total,31,Bus,8467347,273140,4226
2019/08/01 04:00:00+00,Total,31,Trackless Trolley,253306,8171,4227
2019/08/01 04:00:00+00,Total,31,Private Bus,84761,2734,4228
2019/08/01 04:00:00+00,Total,31,All Bus,9819745,316766,4229
2019/08/01 04:00:00+00,Total,31,Commuter Rail,2800661,90344,4230
2019/08/01 04:00:00+00,Total,31,Ferry,151493,4887,4231
2019/05/01 04:00:00+00,Saturday,4,Blue Line,177652,44413,4232
2019/06/01 04:00:00+00,Weekday,20,The RIDE,121120,6056,4233
2019/04/01 04:00:00+00,Weekday,22,Ferry,113036,5138,4234
2019/05/01 04:00:00+00,Saturday,4,Orange Line,436823,109206,4235
2019/07/01 04:00:00+00,Saturday,4,Orange Line,409140,102285,4236
2019/06/01 04:00:00+00,Saturday,5,Blue Line,228042,45608,4237
2019/11/01 04:00:00+00,Saturday,5,Silver Line,111188,22238,4238
2019/04/01 04:00:00+00,Weekday,22,The RIDE,133386,6063,4239
2019/05/01 04:00:00+00,Saturday,4,Red Line,532708,133177,4240
2019/07/01 04:00:00+00,Saturday,4,Red Line,477098,119274,4241
2019/06/01 04:00:00+00,Saturday,5,Orange Line,556675,111335,4242
2019/11/01 04:00:00+00,Saturday,5,Bus,907449,181490,4243
2019/04/01 04:00:00+00,Saturday,4,Blue Line,172474,43118,4244
2019/05/01 04:00:00+00,Saturday,4,Heavy Rail,1147184,286796,4245
2019/07/01 04:00:00+00,Saturday,4,Heavy Rail,1080458,270114,4246
2019/06/01 04:00:00+00,Saturday,5,Red Line,650702,130140,4247
2019/11/01 04:00:00+00,Saturday,5,Trackless Trolley,24762,4952,4248
2019/04/01 04:00:00+00,Saturday,4,Orange Line,427902,106976,4249
2019/05/01 04:00:00+00,Saturday,4,Green Line,461370,115342,4250
2019/07/01 04:00:00+00,Saturday,4,Green Line,433286,108322,4251
2019/06/01 04:00:00+00,Saturday,5,Heavy Rail,1435419,287084,4252
2019/11/01 04:00:00+00,Saturday,5,All Bus,1043398,208680,4253
2019/04/01 04:00:00+00,Saturday,4,Red Line,490722,122680,4254
2019/05/01 04:00:00+00,Saturday,4,Light Rail,461370,115342,4255
2019/07/01 04:00:00+00,Saturday,4,Light Rail,433286,108322,4256
2019/06/01 04:00:00+00,Saturday,5,Green Line,565978,113196,4257
2019/11/01 04:00:00+00,Saturday,5,Commuter Rail,85235,17047,4258
2019/04/01 04:00:00+00,Saturday,4,Heavy Rail,1091098,272774,4259
2019/05/01 04:00:00+00,Saturday,4,Silver Line,90377,22594,4260
2019/07/01 04:00:00+00,Saturday,4,Silver Line,87124,21781,4261
2019/06/01 04:00:00+00,Saturday,5,Light Rail,565978,113196,4262
2019/11/01 04:00:00+00,Saturday,5,The RIDE,14615,2923,4263
2019/04/01 04:00:00+00,Saturday,4,Green Line,507429,126857,4264
2019/05/01 04:00:00+00,Saturday,4,Bus,721154,180288,4265
2019/07/01 04:00:00+00,Saturday,4,Bus,669514,167378,4266
2019/06/01 04:00:00+00,Saturday,5,Silver Line,115498,23100,4267
2019/11/01 04:00:00+00,Sunday,4,Blue Line,112953,28238,4268
2019/04/01 04:00:00+00,Saturday,4,Light Rail,507429,126857,4269
2019/05/01 04:00:00+00,Saturday,4,Trackless Trolley,21268,5317,4270
2019/07/01 04:00:00+00,Saturday,4,Trackless Trolley,19283,4821,4271
2019/06/01 04:00:00+00,Saturday,5,Bus,901980,180396,4272
2019/11/01 04:00:00+00,Sunday,4,Orange Line,155715,38929,4273
2019/04/01 04:00:00+00,Saturday,4,Silver Line,87541,21885,4274
2019/05/01 04:00:00+00,Saturday,4,All Bus,832799,208200,4275
2019/07/01 04:00:00+00,Saturday,4,All Bus,775921,193980,4276
2019/06/01 04:00:00+00,Saturday,5,Trackless Trolley,28309,5662,4277
2019/11/01 04:00:00+00,Sunday,4,Red Line,235698,58924,4278
2019/04/01 04:00:00+00,Saturday,4,Bus,690879,172720,4279
2019/05/01 04:00:00+00,Saturday,4,Commuter Rail,74820,18705,4280
2019/07/01 04:00:00+00,Saturday,4,Commuter Rail,74252,18563,4281
2019/06/01 04:00:00+00,Saturday,5,All Bus,1045787,209157,4282
2019/11/01 04:00:00+00,Sunday,4,Heavy Rail,504365,126091,4283
2019/04/01 04:00:00+00,Saturday,4,Trackless Trolley,20529,5132,4284
2019/05/01 04:00:00+00,Saturday,4,The RIDE,12000,3000,4285
2019/07/01 04:00:00+00,Saturday,4,The RIDE,12400,3100,4286
2019/06/01 04:00:00+00,Saturday,5,Commuter Rail,93285,18657,4287
2019/11/01 04:00:00+00,Sunday,4,Green Line,261918,65480,4288
2019/04/01 04:00:00+00,Saturday,4,All Bus,798949,199737,4289
2019/05/01 04:00:00+00,Sunday,4,Blue Line,129477,32369,4290
2019/05/01 04:00:00+00,Sunday,4,Orange Line,297767,74442,4291
2019/05/01 04:00:00+00,Sunday,4,Red Line,388111,97028,4292
2019/05/01 04:00:00+00,Sunday,4,Heavy Rail,815355,203839,4293
2019/05/01 04:00:00+00,Sunday,4,Green Line,330528,82632,4294
2019/05/01 04:00:00+00,Sunday,4,Light Rail,330528,82632,4295
2019/05/01 04:00:00+00,Sunday,4,Silver Line,99156,24789,4296
2019/05/01 04:00:00+00,Sunday,4,Bus,572331,143083,4297
2019/05/01 04:00:00+00,Sunday,4,All Bus,671487,167872,4298
2019/05/01 04:00:00+00,Sunday,4,Commuter Rail,50736,12684,4299
2019/05/01 04:00:00+00,Sunday,4,The RIDE,11191,2798,4300
2019/05/01 04:00:00+00,Total,31,Blue Line,1858843,59963,4301
2019/05/01 04:00:00+00,Total,31,Orange Line,5354899,172739,4302
2019/05/01 04:00:00+00,Total,31,Red Line,6705541,216308,4303
2019/05/01 04:00:00+00,Total,31,Heavy Rail,13919283,449009,4304
2019/05/01 04:00:00+00,Total,31,Green Line,4853219,156555,4305
2019/05/01 04:00:00+00,Total,31,Light Rail,4853219,156555,4306
2019/05/01 04:00:00+00,Total,31,Silver Line,1054740,34024,4307
2019/05/01 04:00:00+00,Total,31,Bus,8887371,286689,4308
2019/05/01 04:00:00+00,Total,31,Trackless Trolley,260752,8411,4309
2019/05/01 04:00:00+00,Total,31,Private Bus,84225,2717,4310
2019/11/01 04:00:00+00,Sunday,4,Light Rail,261918,65480,4311
2019/06/01 04:00:00+00,Saturday,5,The RIDE,15500,3100,4312
2019/11/01 04:00:00+00,Sunday,4,Silver Line,72907,18227,4313
2019/06/01 04:00:00+00,Sunday,5,Blue Line,166652,33330,4314
2019/11/01 04:00:00+00,Sunday,4,Bus,451567,112892,4315
2019/06/01 04:00:00+00,Sunday,5,Orange Line,388652,77730,4316
2019/11/01 04:00:00+00,Sunday,4,All Bus,524474,131118,4317
2019/06/01 04:00:00+00,Sunday,5,Red Line,477056,95411,4318
2019/11/01 04:00:00+00,Sunday,4,Commuter Rail,47268,11817,4319
2019/06/01 04:00:00+00,Sunday,5,Heavy Rail,1032360,206472,4320
2019/11/01 04:00:00+00,Sunday,4,The RIDE,11177,2794,4321
2019/06/01 04:00:00+00,Sunday,5,Green Line,401523,80305,4322
2019/11/01 04:00:00+00,Total,30,Blue Line,1692175,56406,4323
2019/06/01 04:00:00+00,Sunday,5,Light Rail,401523,80305,4324
2019/11/01 04:00:00+00,Total,30,Orange Line,4680848,156028,4325
2019/06/01 04:00:00+00,Sunday,5,Silver Line,93567,18713,4326
2019/11/01 04:00:00+00,Total,30,Red Line,5843990,194800,4327
2019/06/01 04:00:00+00,Sunday,5,Bus,576674,115335,4328
2019/11/01 04:00:00+00,Total,30,Heavy Rail,12217013,407234,4329
2019/06/01 04:00:00+00,Sunday,5,All Bus,670242,134048,4330
2019/11/01 04:00:00+00,Total,30,Green Line,4280366,142679,4331
2019/06/01 04:00:00+00,Sunday,5,Commuter Rail,63095,12619,4332
2019/11/01 04:00:00+00,Total,30,Light Rail,4280366,142679,4333
2019/06/01 04:00:00+00,Sunday,5,The RIDE,13650,2730,4334
2019/11/01 04:00:00+00,Total,30,Silver Line,1024992,34166,4335
2019/06/01 04:00:00+00,Total,30,Blue Line,1817989,60600,4336
2019/04/01 04:00:00+00,Saturday,4,Commuter Rail,74924,18731,4337
2019/11/01 04:00:00+00,Total,30,Bus,8299364,276645,4338
2019/07/01 04:00:00+00,Sunday,4,Blue Line,159396,39849,4339
2019/06/01 04:00:00+00,Total,30,Orange Line,5080673,169356,4340
2019/04/01 04:00:00+00,Saturday,4,The RIDE,12148,3037,4341
2019/11/01 04:00:00+00,Total,30,Trackless Trolley,227698,7590,4342
2019/07/01 04:00:00+00,Sunday,4,Orange Line,325640,81410,4343
2019/06/01 04:00:00+00,Total,30,Red Line,6124291,204143,4344
2019/04/01 04:00:00+00,Sunday,4,Blue Line,130320,32580,4345
2019/11/01 04:00:00+00,Total,30,Private Bus,78954,2632,4346
2019/07/01 04:00:00+00,Sunday,4,Red Line,400099,100025,4347
2019/06/01 04:00:00+00,Total,30,Heavy Rail,13022952,434098,4348
2019/04/01 04:00:00+00,Sunday,4,Orange Line,305143,76286,4349
2019/11/01 04:00:00+00,Total,30,All Bus,9631009,321034,4350
2019/07/01 04:00:00+00,Sunday,4,Heavy Rail,885135,221284,4351
2019/06/01 04:00:00+00,Total,30,Green Line,4628747,154292,4352
2019/04/01 04:00:00+00,Sunday,4,Red Line,368734,92184,4353
2019/11/01 04:00:00+00,Total,30,Commuter Rail,2797188,93240,4354
2019/07/01 04:00:00+00,Sunday,4,Green Line,361430,90358,4355
2019/06/01 04:00:00+00,Total,30,Light Rail,4628747,154292,4356
2019/04/01 04:00:00+00,Sunday,4,Heavy Rail,804197,201049,4357
2019/11/01 04:00:00+00,Total,30,Ferry,147331,4911,4358
2019/07/01 04:00:00+00,Sunday,4,Light Rail,361430,90358,4359
2019/06/01 04:00:00+00,Total,30,Silver Line,986733,32891,4360
2019/04/01 04:00:00+00,Sunday,4,Green Line,378052,94513,4361
2019/11/01 04:00:00+00,Total,30,The RIDE,108256,3609,4362
2019/07/01 04:00:00+00,Sunday,4,Silver Line,79712,19928,4363
2019/06/01 04:00:00+00,Total,30,Bus,8192818,273094,4364
2019/04/01 04:00:00+00,Sunday,4,Light Rail,378052,94513,4365
2019/10/01 04:00:00+00,Weekday,23,Blue Line,1691330,73536,4366
2019/07/01 04:00:00+00,Sunday,4,Bus,472640,118160,4367
2019/06/01 04:00:00+00,Total,30,Trackless Trolley,237303,7910,4368
2019/04/01 04:00:00+00,Sunday,4,Silver Line,70878,17720,4369
2019/10/01 04:00:00+00,Weekday,23,Orange Line,5021380,218321,4370
2019/07/01 04:00:00+00,Sunday,4,All Bus,552353,138088,4371
2019/06/01 04:00:00+00,Total,30,Private Bus,82568,2752,4372
2019/04/01 04:00:00+00,Sunday,4,Bus,446571,111643,4373
2019/07/01 04:00:00+00,Sunday,4,Commuter Rail,50476,12619,4374
2019/06/01 04:00:00+00,Total,30,All Bus,9499422,316647,4375
2019/04/01 04:00:00+00,Sunday,4,All Bus,517449,129362,4376
2019/07/01 04:00:00+00,Sunday,4,The RIDE,10147,2537,4377
2019/04/01 04:00:00+00,Sunday,4,Commuter Rail,51508,12877,4378
2019/07/01 04:00:00+00,Total,31,Blue Line,1986990,64096,4379
2019/04/01 04:00:00+00,Sunday,4,The RIDE,11936,2984,4380
2019/07/01 04:00:00+00,Total,31,Orange Line,5350327,172591,4381
2019/04/01 04:00:00+00,Total,30,Blue Line,1777688,59256,4382
2019/07/01 04:00:00+00,Total,31,Red Line,6558589,211567,4383
2019/04/01 04:00:00+00,Total,30,Orange Line,5225900,174197,4384
2019/04/01 04:00:00+00,Total,30,Red Line,6497257,216575,4385
2019/04/01 04:00:00+00,Total,30,Heavy Rail,13500844,450028,4386
2019/04/01 04:00:00+00,Total,30,Green Line,5044398,168147,4387
2019/04/01 04:00:00+00,Total,30,Light Rail,5044398,168147,4388
2019/04/01 04:00:00+00,Total,30,Silver Line,995353,33178,4389
2019/04/01 04:00:00+00,Total,30,Bus,8554377,285146,4390
2019/04/01 04:00:00+00,Total,30,Trackless Trolley,247429,8248,4391
2019/07/01 04:00:00+00,Total,31,Heavy Rail,13895905,448255,4392
2019/07/01 04:00:00+00,Total,31,Green Line,4846481,156338,4393
2019/07/01 04:00:00+00,Total,31,Light Rail,4846481,156338,4394
2019/07/01 04:00:00+00,Total,31,Silver Line,1024590,33051,4395
2019/07/01 04:00:00+00,Total,31,Bus,8416840,271511,4396
2019/07/01 04:00:00+00,Total,31,Trackless Trolley,236796,7639,4397
2019/07/01 04:00:00+00,Total,31,Private Bus,86002,2774,4398
2019/07/01 04:00:00+00,Total,31,All Bus,9764228,314975,4399
2019/07/01 04:00:00+00,Total,31,Commuter Rail,2669884,86125,4400
2018/12/01 05:00:00+00,Total,31,Light Rail,4190922,135191,4401
2018/12/01 05:00:00+00,Total,31,Silver Line,848093,27358,4402
2018/12/01 05:00:00+00,Total,31,Bus,7604220,245297,4403
2018/12/01 05:00:00+00,Total,31,Trackless Trolley,209140,6746,4404
2018/12/01 05:00:00+00,Total,31,Private Bus,71482,2306,4405
2018/12/01 05:00:00+00,Total,31,All Bus,8732935,281708,4406
2018/12/01 05:00:00+00,Total,31,Commuter Rail,2503021,80743,4407
2018/12/01 05:00:00+00,Total,31,Ferry,89666,2892,4408
2018/12/01 05:00:00+00,Total,31,The RIDE,150696,4861,4409
2019/02/01 05:00:00+00,Total,28,Bus,7502531,267948,4410
2018/11/01 04:00:00+00,Weekday,21,Blue Line,1364516,64977,4411
2018/11/01 04:00:00+00,Weekday,21,Orange Line,4236739,201749,4412
2018/11/01 04:00:00+00,Weekday,21,Red Line,5305597,252647,4413
2018/11/01 04:00:00+00,Weekday,21,Heavy Rail,10906852,519374,4414
2018/11/01 04:00:00+00,Weekday,21,Green Line,3860535,183835,4415
2019/01/01 05:00:00+00,Total,31,Silver Line,911709,29410,4416
2019/02/01 05:00:00+00,Total,28,Trackless Trolley,223272,7974,4417
2018/09/01 04:00:00+00,Total,30,Red Line,6277034,209234,4418
2018/11/01 04:00:00+00,Weekday,21,Light Rail,3860535,183835,4419
2019/01/01 05:00:00+00,Total,31,Bus,8016103,258584,4420
2019/02/01 05:00:00+00,Total,28,Private Bus,67231,2401,4421
2018/11/01 04:00:00+00,Total,30,Green Line,4710656,157022,4422
2018/09/01 04:00:00+00,Total,30,Heavy Rail,12984891,432830,4423
2018/11/01 04:00:00+00,Weekday,21,Silver Line,798509,38024,4424
2019/01/01 05:00:00+00,Total,31,Trackless Trolley,235264,7589,4425
2019/03/01 05:00:00+00,Total,31,Trackless Trolley,249097,8035,4426
2019/02/01 05:00:00+00,Total,28,All Bus,8620373,307870,4427
2019/04/01 04:00:00+00,Total,30,Private Bus,80412,2680,4428
2018/11/01 04:00:00+00,Total,30,Light Rail,4710656,157022,4429
2018/09/01 04:00:00+00,Total,30,Green Line,5086612,169554,4430
2018/10/01 04:00:00+00,Total,31,Heavy Rail,14569698,469990,4431
2018/11/01 04:00:00+00,Weekday,21,Bus,7095324,337873,4432
2019/01/01 05:00:00+00,Total,31,Private Bus,72211,2329,4433
2019/03/01 05:00:00+00,Total,31,Private Bus,74612,2407,4434
2019/02/01 05:00:00+00,Total,28,Commuter Rail,2384857,85173,4435
2019/04/01 04:00:00+00,Total,30,All Bus,9877570,329252,4436
2018/11/01 04:00:00+00,Total,30,Silver Line,965165,32172,4437
2018/09/01 04:00:00+00,Total,30,Light Rail,5086612,169554,4438
2018/10/01 04:00:00+00,Total,31,Green Line,5543461,178821,4439
2018/11/01 04:00:00+00,Weekday,21,Trackless Trolley,241679,11509,4440
2019/01/01 05:00:00+00,Total,31,All Bus,9235287,297912,4441
2019/03/01 05:00:00+00,Total,31,All Bus,9761200,314877,4442
2019/02/01 05:00:00+00,Total,28,Ferry,94082,3360,4443
2019/04/01 04:00:00+00,Total,30,Commuter Rail,2689704,89657,4444
2018/11/01 04:00:00+00,Total,30,Bus,8272985,275766,4445
2018/09/01 04:00:00+00,Total,30,Silver Line,933496,31117,4446
2018/10/01 04:00:00+00,Total,31,Light Rail,5543461,178821,4447
2018/11/01 04:00:00+00,Weekday,21,Private Bus,64050,3050,4448
2019/01/01 05:00:00+00,Total,31,Commuter Rail,2705418,87272,4449
2019/03/01 05:00:00+00,Total,31,Commuter Rail,2628828,84801,4450
2019/02/01 05:00:00+00,Total,28,The RIDE,138199,4936,4451
2019/04/01 04:00:00+00,Total,30,Ferry,118564,3952,4452
2018/11/01 04:00:00+00,Total,30,Trackless Trolley,258734,8624,4453
2018/09/01 04:00:00+00,Total,30,Bus,8465423,282181,4454
2018/10/01 04:00:00+00,Total,31,Silver Line,1032751,33315,4455
2018/11/01 04:00:00+00,Weekday,21,All Bus,8199563,390455,4456
2019/01/01 05:00:00+00,Total,31,Ferry,101561,3276,4457
2019/03/01 05:00:00+00,Total,31,Ferry,102937,3321,4458
2019/01/01 05:00:00+00,Weekday,21,Blue Line,1278062,60860,4459
2019/04/01 04:00:00+00,Total,30,The RIDE,157672,5256,4460
2018/11/01 04:00:00+00,Total,30,Private Bus,74198,2473,4461
2018/09/01 04:00:00+00,Total,30,Trackless Trolley,246984,8233,4462
2018/10/01 04:00:00+00,Total,31,Bus,9367658,302183,4463
2018/11/01 04:00:00+00,Weekday,21,Commuter Rail,2551332,121492,4464
2019/01/01 05:00:00+00,Total,31,The RIDE,150235,4846,4465
2019/03/01 05:00:00+00,Total,31,The RIDE,154294,4977,4466
2019/01/01 05:00:00+00,Weekday,21,Orange Line,4018096,191338,4467
2019/03/01 05:00:00+00,Weekday,21,Blue Line,1321537,62930,4468
2018/11/01 04:00:00+00,Total,30,All Bus,9571082,319036,4469
2018/09/01 04:00:00+00,Total,30,Private Bus,77522,2584,4470
2018/10/01 04:00:00+00,Total,31,Trackless Trolley,298286,9622,4471
2018/11/01 04:00:00+00,Weekday,21,Ferry,106344,5064,4472
2018/12/01 05:00:00+00,Weekday,20,Blue Line,1190476,59524,4473
2019/02/01 05:00:00+00,Weekday,19,Blue Line,1188179,62536,4474
2019/01/01 05:00:00+00,Weekday,21,Red Line,4977090,237004,4475
2019/03/01 05:00:00+00,Weekday,21,Orange Line,4150058,197622,4476
2018/11/01 04:00:00+00,Total,30,Commuter Rail,2593497,86450,4477
2018/09/01 04:00:00+00,Total,30,All Bus,9723426,324114,4478
2018/10/01 04:00:00+00,Total,31,Private Bus,85564,2760,4479
2018/11/01 04:00:00+00,Weekday,21,The RIDE,130303,6205,4480
2018/12/01 05:00:00+00,Weekday,20,Orange Line,3601484,180074,4481
2019/02/01 05:00:00+00,Weekday,19,Orange Line,3750436,197391,4482
2019/01/01 05:00:00+00,Weekday,21,Heavy Rail,10273248,489202,4483
2019/03/01 05:00:00+00,Weekday,21,Red Line,5248193,249914,4484
2018/11/01 04:00:00+00,Total,30,Ferry,106346,3545,4485
2018/09/01 04:00:00+00,Total,30,Commuter Rail,2368814,78960,4486
2018/10/01 04:00:00+00,Total,31,All Bus,10784259,347879,4487
2018/10/01 04:00:00+00,Total,31,Commuter Rail,2822675,91054,4488
2018/10/01 04:00:00+00,Total,31,Ferry,141487,4564,4489
2018/10/01 04:00:00+00,Total,31,The RIDE,167413,5400,4490
2018/09/01 04:00:00+00,Weekday,19,Blue Line,1316782,69304,4491
2018/09/01 04:00:00+00,Weekday,19,Orange Line,4010994,211105,4492
2018/09/01 04:00:00+00,Weekday,19,Red Line,5051807,265885,4493
2018/09/01 04:00:00+00,Weekday,19,Heavy Rail,10379583,546294,4494
2018/09/01 04:00:00+00,Weekday,19,Green Line,3775272,198699,4495
2018/09/01 04:00:00+00,Weekday,19,Light Rail,3775272,198699,4496
2018/09/01 04:00:00+00,Weekday,19,Silver Line,703816,37043,4497
2018/09/01 04:00:00+00,Weekday,19,Bus,6786676,357193,4498
2018/09/01 04:00:00+00,Weekday,19,Trackless Trolley,219765,11567,4499
2018/09/01 04:00:00+00,Weekday,19,Private Bus,62472,3288,4500
2018/09/01 04:00:00+00,Weekday,19,All Bus,7772729,409091,4501
2018/09/01 04:00:00+00,Weekday,19,Commuter Rail,2196400,115600,4502
2018/09/01 04:00:00+00,Weekday,19,Ferry,127167,6693,4503
2018/09/01 04:00:00+00,Weekday,19,The RIDE,115938,6102,4504
2018/09/01 04:00:00+00,Saturday,5,Blue Line,226113,45223,4505
2018/09/01 04:00:00+00,Saturday,5,Orange Line,496631,99326,4506
2018/09/01 04:00:00+00,Saturday,5,Red Line,635000,127000,4507
2018/09/01 04:00:00+00,Saturday,5,Heavy Rail,1357745,271549,4508
2018/09/01 04:00:00+00,Saturday,5,Green Line,683508,136702,4509
2018/09/01 04:00:00+00,Saturday,5,Light Rail,683508,136702,4510
2018/09/01 04:00:00+00,Saturday,5,Silver Line,114792,22958,4511
2018/09/01 04:00:00+00,Saturday,5,Bus,931929,186386,4512
2018/09/01 04:00:00+00,Saturday,5,Trackless Trolley,27220,5444,4513
2018/09/01 04:00:00+00,Saturday,5,All Bus,1073941,214788,4514
2018/09/01 04:00:00+00,Saturday,5,Commuter Rail,82425,16485,4515
2018/09/01 04:00:00+00,Saturday,5,The RIDE,15620,3124,4516
2018/09/01 04:00:00+00,Sunday,5,Blue Line,177918,35584,4517
2018/09/01 04:00:00+00,Sunday,5,Orange Line,365866,73173,4518
2018/09/01 04:00:00+00,Sunday,5,Red Line,497649,99530,4519
2018/09/01 04:00:00+00,Sunday,5,Heavy Rail,1041432,208286,4520
2018/09/01 04:00:00+00,Sunday,5,Green Line,531346,106269,4521
2018/09/01 04:00:00+00,Sunday,5,Light Rail,531346,106269,4522
2018/09/01 04:00:00+00,Sunday,5,Silver Line,114888,22978,4523
2018/09/01 04:00:00+00,Sunday,5,Bus,746819,149364,4524
2018/09/01 04:00:00+00,Sunday,5,All Bus,861706,172341,4525
2018/09/01 04:00:00+00,Sunday,5,Commuter Rail,56295,11259,4526
2018/09/01 04:00:00+00,Sunday,5,The RIDE,14506,2901,4527
2018/09/01 04:00:00+00,Total,30,Blue Line,1758284,58609,4528
2018/09/01 04:00:00+00,Total,30,Orange Line,4949573,164986,4529
2018/11/01 04:00:00+00,Saturday,4,Blue Line,159519,39880,4530
2019/02/01 05:00:00+00,Weekday,19,Red Line,4758082,250425,4531
2018/12/01 05:00:00+00,Weekday,20,Red Line,4451265,222563,4532
2019/03/01 05:00:00+00,Weekday,21,Heavy Rail,10719788,510466,4533
2019/01/01 05:00:00+00,Weekday,21,Green Line,3539303,168538,4534
2018/11/01 04:00:00+00,Saturday,4,Orange Line,397428,99357,4535
2018/09/01 04:00:00+00,Total,30,Ferry,143096,4770,4536
2019/02/01 05:00:00+00,Weekday,19,Heavy Rail,9696698,510353,4537
2018/12/01 05:00:00+00,Weekday,20,Heavy Rail,9243225,462161,4538
2019/03/01 05:00:00+00,Weekday,21,Green Line,3728685,177556,4539
2019/01/01 05:00:00+00,Weekday,21,Light Rail,3539303,168538,4540
2018/11/01 04:00:00+00,Total,30,The RIDE,157104,5237,4541
2018/11/01 04:00:00+00,Saturday,4,Red Line,443918,110980,4542
2018/09/01 04:00:00+00,Total,30,The RIDE,152111,5070,4543
2019/02/01 05:00:00+00,Weekday,19,Green Line,3427318,180385,4544
2018/12/01 05:00:00+00,Weekday,20,Green Line,3248487,162424,4545
2019/03/01 05:00:00+00,Weekday,21,Light Rail,3728685,177556,4546
2019/01/01 05:00:00+00,Weekday,21,Silver Line,728626,34696,4547
2018/10/01 04:00:00+00,Weekday,23,Blue Line,1602965,69694,4548
2018/11/01 04:00:00+00,Saturday,4,Heavy Rail,1000866,250216,4549
2018/08/01 04:00:00+00,Weekday,23,Blue Line,1518965,66042,4550
2019/02/01 05:00:00+00,Weekday,19,Light Rail,3427318,180385,4551
2018/12/01 05:00:00+00,Weekday,20,Light Rail,3248487,162424,4552
2019/03/01 05:00:00+00,Weekday,21,Silver Line,786680,37461,4553
2019/01/01 05:00:00+00,Weekday,21,Bus,6901437,328640,4554
2018/10/01 04:00:00+00,Weekday,23,Orange Line,4940089,214786,4555
2018/11/01 04:00:00+00,Saturday,4,Green Line,472251,118063,4556
2018/08/01 04:00:00+00,Weekday,23,Orange Line,4413265,191881,4557
2019/02/01 05:00:00+00,Weekday,19,Silver Line,655079,34478,4558
2018/12/01 05:00:00+00,Weekday,20,Silver Line,659334,32967,4559
2019/03/01 05:00:00+00,Weekday,21,Bus,7155921,340758,4560
2019/01/01 05:00:00+00,Weekday,21,Trackless Trolley,227048,10812,4561
2018/10/01 04:00:00+00,Weekday,23,Red Line,6199732,269554,4562
2018/11/01 04:00:00+00,Saturday,4,Light Rail,472251,118063,4563
2018/08/01 04:00:00+00,Weekday,23,Red Line,5659742,246076,4564
2019/02/01 05:00:00+00,Weekday,19,Bus,6360567,334767,4565
2018/12/01 05:00:00+00,Weekday,20,Bus,6188521,309426,4566
2019/03/01 05:00:00+00,Weekday,21,Trackless Trolley,228674,10889,4567
2019/01/01 05:00:00+00,Weekday,21,Private Bus,57372,2732,4568
2018/10/01 04:00:00+00,Weekday,23,Heavy Rail,12742785,554034,4569
2018/11/01 04:00:00+00,Saturday,4,Silver Line,84219,21055,4570
2018/08/01 04:00:00+00,Weekday,23,Heavy Rail,11591972,503999,4571
2019/02/01 05:00:00+00,Weekday,19,Trackless Trolley,203461,10708,4572
2018/12/01 05:00:00+00,Weekday,20,Trackless Trolley,180810,9040,4573
2019/03/01 05:00:00+00,Weekday,21,Private Bus,64281,3061,4574
2019/01/01 05:00:00+00,Weekday,21,All Bus,7914483,376880,4575
2018/10/01 04:00:00+00,Weekday,23,Green Line,4615929,200693,4576
2018/11/01 04:00:00+00,Saturday,4,Bus,672061,168015,4577
2018/08/01 04:00:00+00,Weekday,23,Green Line,3988710,173422,4578
2019/02/01 05:00:00+00,Weekday,19,Private Bus,57057,3003,4579
2018/12/01 05:00:00+00,Weekday,20,Private Bus,56920,2846,4580
2018/12/01 05:00:00+00,Weekday,20,All Bus,7085584,354279,4581
2018/12/01 05:00:00+00,Weekday,20,Commuter Rail,2425720,121286,4582
2018/12/01 05:00:00+00,Weekday,20,Ferry,89680,4484,4583
2018/12/01 05:00:00+00,Weekday,20,The RIDE,115000,5750,4584
2018/12/01 05:00:00+00,Saturday,5,Blue Line,191073,38215,4585
2018/12/01 05:00:00+00,Saturday,5,Orange Line,482603,96521,4586
2018/12/01 05:00:00+00,Saturday,5,Red Line,541318,108264,4587
2018/12/01 05:00:00+00,Saturday,5,Heavy Rail,1214994,242999,4588
2018/12/01 05:00:00+00,Saturday,5,Green Line,534028,106806,4589
2018/12/01 05:00:00+00,Saturday,5,Light Rail,534028,106806,4590
2018/12/01 05:00:00+00,Saturday,5,Silver Line,97518,19504,4591
2018/12/01 05:00:00+00,Saturday,5,Bus,840637,168127,4592
2018/12/01 05:00:00+00,Saturday,5,Trackless Trolley,28330,5666,4593
2018/12/01 05:00:00+00,Saturday,5,All Bus,966485,193297,4594
2018/12/01 05:00:00+00,Saturday,5,Commuter Rail,85785,17157,4595
2018/12/01 05:00:00+00,Saturday,5,The RIDE,15835,3167,4596
2018/12/01 05:00:00+00,Sunday,5,Blue Line,139084,27817,4597
2018/12/01 05:00:00+00,Sunday,5,Orange Line,341008,68202,4598
2018/12/01 05:00:00+00,Sunday,5,Red Line,388746,77749,4599
2018/12/01 05:00:00+00,Sunday,5,Heavy Rail,868839,173768,4600
2018/12/01 05:00:00+00,Sunday,5,Green Line,380541,76108,4601
2018/12/01 05:00:00+00,Sunday,5,Light Rail,380541,76108,4602
2018/12/01 05:00:00+00,Sunday,5,Silver Line,91241,18248,4603
2018/12/01 05:00:00+00,Sunday,5,Bus,575062,115012,4604
2018/12/01 05:00:00+00,Sunday,5,All Bus,666303,133261,4605
2018/12/01 05:00:00+00,Sunday,5,Commuter Rail,64820,12964,4606
2018/12/01 05:00:00+00,Sunday,5,The RIDE,14153,2831,4607
2018/12/01 05:00:00+00,Total,31,Blue Line,1534083,49487,4608
2018/12/01 05:00:00+00,Total,31,Orange Line,4457194,143780,4609
2018/12/01 05:00:00+00,Total,31,Red Line,5414553,174663,4610
2018/12/01 05:00:00+00,Total,31,Heavy Rail,11405829,367930,4611
2018/12/01 05:00:00+00,Total,31,Green Line,4190922,135191,4612
2019/01/01 05:00:00+00,Weekday,21,Commuter Rail,2536128,120768,4613
2018/08/01 04:00:00+00,Weekday,23,Light Rail,3988710,173422,4614
2018/10/01 04:00:00+00,Weekday,23,Light Rail,4615929,200693,4615
2018/11/01 04:00:00+00,Saturday,4,Trackless Trolley,17055,4264,4616
2019/02/01 05:00:00+00,Weekday,19,All Bus,7276164,382956,4617
2019/01/01 05:00:00+00,Weekday,21,Ferry,96936,4616,4618
2019/03/01 05:00:00+00,Weekday,21,All Bus,8235556,392169,4619
2018/08/01 04:00:00+00,Weekday,23,Silver Line,859521,37370,4620
2018/10/01 04:00:00+00,Weekday,23,Silver Line,879936,38258,4621
2018/11/01 04:00:00+00,Saturday,4,All Bus,773335,193334,4622
2019/02/01 05:00:00+00,Weekday,19,Commuter Rail,2318133,122007,4623
2019/01/01 05:00:00+00,Weekday,21,The RIDE,119049,5669,4624
2019/03/01 05:00:00+00,Weekday,21,Commuter Rail,2558136,121816,4625
2018/08/01 04:00:00+00,Weekday,23,Bus,7380833,320906,4626
2018/10/01 04:00:00+00,Weekday,23,Bus,8211792,357034,4627
2018/11/01 04:00:00+00,Saturday,4,Commuter Rail,69212,17303,4628
2019/02/01 05:00:00+00,Weekday,19,Ferry,87685,4615,4629
2019/01/01 05:00:00+00,Saturday,4,Blue Line,135740,33935,4630
2019/03/01 05:00:00+00,Weekday,21,Ferry,115773,5513,4631
2018/08/01 04:00:00+00,Weekday,23,Trackless Trolley,246916,10735,4632
2018/10/01 04:00:00+00,Weekday,23,Trackless Trolley,274401,11930,4633
2018/11/01 04:00:00+00,Saturday,4,The RIDE,12036,3009,4634
2019/02/01 05:00:00+00,Weekday,19,The RIDE,110010,5790,4635
2019/01/01 05:00:00+00,Saturday,4,Orange Line,345187,86297,4636
2019/03/01 05:00:00+00,Weekday,21,The RIDE,127197,6057,4637
2018/08/01 04:00:00+00,Weekday,23,Private Bus,72335,3145,4638
2018/10/01 04:00:00+00,Weekday,23,Private Bus,75992,3304,4639
2018/11/01 04:00:00+00,Sunday,4,Blue Line,123246,30812,4640
2019/02/01 05:00:00+00,Saturday,4,Blue Line,146338,36584,4641
2019/01/01 05:00:00+00,Saturday,4,Red Line,396953,99238,4642
2019/03/01 05:00:00+00,Saturday,5,Blue Line,182708,36542,4643
2018/08/01 04:00:00+00,Weekday,23,All Bus,8559605,372157,4644
2018/10/01 04:00:00+00,Weekday,23,All Bus,9442121,410527,4645
2018/11/01 04:00:00+00,Sunday,4,Orange Line,286137,71534,4646
2019/02/01 05:00:00+00,Saturday,4,Orange Line,374656,93664,4647
2019/01/01 05:00:00+00,Saturday,4,Heavy Rail,877880,219470,4648
2019/03/01 05:00:00+00,Saturday,5,Orange Line,493859,98772,4649
2018/08/01 04:00:00+00,Weekday,23,Commuter Rail,2786013,121131,4650
2018/10/01 04:00:00+00,Weekday,23,Commuter Rail,2803355,121885,4651
2018/11/01 04:00:00+00,Sunday,4,Red Line,334707,83677,4652
2019/02/01 05:00:00+00,Saturday,4,Red Line,413718,103430,4653
2019/01/01 05:00:00+00,Saturday,4,Green Line,388922,97230,4654
2019/03/01 05:00:00+00,Saturday,5,Red Line,564893,112979,4655
2018/08/01 04:00:00+00,Weekday,23,Ferry,163576,7112,4656
2018/10/01 04:00:00+00,Weekday,23,Ferry,138989,6043,4657
2018/11/01 04:00:00+00,Sunday,4,Heavy Rail,744090,186022,4658
2019/02/01 05:00:00+00,Saturday,4,Heavy Rail,934712,233678,4659
2019/01/01 05:00:00+00,Saturday,4,Light Rail,388922,97230,4660
2019/03/01 05:00:00+00,Saturday,5,Heavy Rail,1241459,248292,4661
2018/08/01 04:00:00+00,Weekday,23,The RIDE,137609,5983,4662
2018/10/01 04:00:00+00,Weekday,23,The RIDE,144141,6267,4663
2018/11/01 04:00:00+00,Sunday,4,Green Line,348426,87106,4664
2019/02/01 05:00:00+00,Saturday,4,Green Line,440993,110248,4665
2019/01/01 05:00:00+00,Saturday,4,Silver Line,96473,24118,4666
2019/03/01 05:00:00+00,Saturday,5,Green Line,558866,111773,4667
2018/08/01 04:00:00+00,Saturday,4,Blue Line,163834,40958,4668
2018/10/01 04:00:00+00,Saturday,4,Blue Line,163375,40844,4669
2018/11/01 04:00:00+00,Sunday,4,Light Rail,348426,87106,4670
2019/02/01 05:00:00+00,Saturday,4,Light Rail,440993,110248,4671
2019/01/01 05:00:00+00,Saturday,4,Bus,717533,179383,4672
2019/03/01 05:00:00+00,Saturday,5,Light Rail,558866,111773,4673
2019/03/01 05:00:00+00,Saturday,5,Silver Line,105953,21191,4674
2019/03/01 05:00:00+00,Saturday,5,Bus,822544,164509,4675
2019/03/01 05:00:00+00,Saturday,5,Trackless Trolley,27327,5465,4676
2019/03/01 05:00:00+00,Saturday,5,All Bus,955824,191165,4677
2019/03/01 05:00:00+00,Saturday,5,Commuter Rail,92640,18528,4678
2019/03/01 05:00:00+00,Saturday,5,The RIDE,19865,3973,4679
2019/03/01 05:00:00+00,Sunday,5,Blue Line,134619,26924,4680
2019/03/01 05:00:00+00,Sunday,5,Orange Line,352086,70417,4681
2019/03/01 05:00:00+00,Sunday,5,Red Line,443749,88750,4682
2019/03/01 05:00:00+00,Sunday,5,Heavy Rail,930455,186091,4683
2019/03/01 05:00:00+00,Sunday,5,Green Line,405214,81043,4684
2019/03/01 05:00:00+00,Sunday,5,Light Rail,405214,81043,4685
2019/03/01 05:00:00+00,Sunday,5,Silver Line,89404,17881,4686
2019/03/01 05:00:00+00,Sunday,5,Bus,522371,104474,4687
2019/03/01 05:00:00+00,Sunday,5,All Bus,611775,122355,4688
2019/03/01 05:00:00+00,Sunday,5,Commuter Rail,68645,13729,4689
2019/03/01 05:00:00+00,Sunday,5,The RIDE,12703,2541,4690
2019/03/01 05:00:00+00,Total,31,Blue Line,1638864,52867,4691
2019/03/01 05:00:00+00,Total,31,Orange Line,4996003,161161,4692
2019/03/01 05:00:00+00,Total,31,Red Line,6256835,201833,4693
2019/03/01 05:00:00+00,Total,31,Heavy Rail,12891702,415861,4694
2019/03/01 05:00:00+00,Total,31,Green Line,4692764,151379,4695
2019/03/01 05:00:00+00,Total,31,Light Rail,4692764,151379,4696
2019/03/01 05:00:00+00,Total,31,Silver Line,995833,32124,4697
2019/03/01 05:00:00+00,Total,31,Bus,8441657,272312,4698
2018/10/01 04:00:00+00,Saturday,4,Orange Line,361737,90434,4699
2018/08/01 04:00:00+00,Saturday,4,Orange Line,357252,89313,4700
2019/02/01 05:00:00+00,Saturday,4,Silver Line,99588,24897,4701
2018/11/01 04:00:00+00,Sunday,4,Silver Line,82437,20609,4702
2018/10/01 04:00:00+00,Saturday,4,Red Line,487319,121830,4703
2018/08/01 04:00:00+00,Saturday,4,Red Line,437302,109326,4704
2019/02/01 05:00:00+00,Saturday,4,Bus,783211,195803,4705
2019/01/01 05:00:00+00,Saturday,4,Trackless Trolley,22785,5696,4706
2018/11/01 04:00:00+00,Sunday,4,Bus,505599,126400,4707
2018/10/01 04:00:00+00,Saturday,4,Heavy Rail,1012431,253108,4708
2018/08/01 04:00:00+00,Saturday,4,Heavy Rail,958388,239597,4709
2019/02/01 05:00:00+00,Saturday,4,Trackless Trolley,26022,6506,4710
2019/01/01 05:00:00+00,Saturday,4,All Bus,836791,209198,4711
2018/11/01 04:00:00+00,Sunday,4,All Bus,588036,147009,4712
2018/10/01 04:00:00+00,Saturday,4,Green Line,519448,129862,4713
2018/08/01 04:00:00+00,Saturday,4,Green Line,426909,106727,4714
2019/02/01 05:00:00+00,Saturday,4,All Bus,908821,227205,4715
2019/01/01 05:00:00+00,Saturday,4,Commuter Rail,72628,18157,4716
2018/11/01 04:00:00+00,Sunday,4,Commuter Rail,49864,12466,4717
2018/10/01 04:00:00+00,Saturday,4,Light Rail,519448,129862,4718
2018/08/01 04:00:00+00,Saturday,4,Light Rail,426909,106727,4719
2019/02/01 05:00:00+00,Saturday,4,Commuter Rail,74492,18623,4720
2019/01/01 05:00:00+00,Saturday,4,The RIDE,12668,3167,4721
2018/11/01 04:00:00+00,Sunday,4,The RIDE,11532,2883,4722
2018/10/01 04:00:00+00,Saturday,4,Silver Line,79269,19817,4723
2018/08/01 04:00:00+00,Saturday,4,Silver Line,88797,22199,4724
2019/02/01 05:00:00+00,Saturday,4,The RIDE,11892,2973,4725
2019/01/01 05:00:00+00,Sunday,4,Blue Line,96036,24009,4726
2018/11/01 04:00:00+00,Total,30,Blue Line,1658350,55278,4727
2018/10/01 04:00:00+00,Saturday,4,Bus,671567,167892,4728
2018/08/01 04:00:00+00,Saturday,4,Bus,666806,166702,4729
2019/02/01 05:00:00+00,Sunday,4,Blue Line,106301,26575,4730
2019/01/01 05:00:00+00,Sunday,4,Orange Line,227635,56909,4731
2018/11/01 04:00:00+00,Total,30,Orange Line,4950758,165025,4732
2018/10/01 04:00:00+00,Saturday,4,Trackless Trolley,23885,5971,4733
2018/08/01 04:00:00+00,Saturday,4,Trackless Trolley,20071,5018,4734
2019/02/01 05:00:00+00,Sunday,4,Orange Line,267268,66817,4735
2019/01/01 05:00:00+00,Sunday,4,Red Line,286759,71690,4736
2018/11/01 04:00:00+00,Total,30,Red Line,6120446,204015,4737
2018/10/01 04:00:00+00,Saturday,4,All Bus,774721,193680,4738
2018/08/01 04:00:00+00,Saturday,4,All Bus,775674,193918,4739
2019/02/01 05:00:00+00,Sunday,4,Red Line,315576,78894,4740
2019/01/01 05:00:00+00,Sunday,4,Heavy Rail,610431,152608,4741
2018/11/01 04:00:00+00,Total,30,Heavy Rail,12729554,424318,4742
2018/10/01 04:00:00+00,Saturday,4,Commuter Rail,66292,16573,4743
2018/08/01 04:00:00+00,Saturday,4,Commuter Rail,67736,16934,4744
2019/02/01 05:00:00+00,Sunday,4,Heavy Rail,689146,172286,4745
2019/01/01 05:00:00+00,Sunday,4,Green Line,264217,66054,4746
2018/10/01 04:00:00+00,Saturday,4,The RIDE,12036,3009,4747
2018/08/01 04:00:00+00,Saturday,4,The RIDE,12456,3114,4748
2019/02/01 05:00:00+00,Sunday,4,Green Line,314998,78750,4749
2019/01/01 05:00:00+00,Sunday,4,Light Rail,264217,66054,4750
2018/10/01 04:00:00+00,Sunday,4,Blue Line,134503,33626,4751
2018/08/01 04:00:00+00,Sunday,4,Blue Line,141173,35293,4752
2019/02/01 05:00:00+00,Sunday,4,Light Rail,314998,78750,4753
2019/01/01 05:00:00+00,Sunday,4,Silver Line,73927,18482,4754
2018/10/01 04:00:00+00,Sunday,4,Orange Line,279726,69932,4755
2018/08/01 04:00:00+00,Sunday,4,Orange Line,287467,71867,4756
2019/02/01 05:00:00+00,Sunday,4,Silver Line,63447,15862,4757
2019/01/01 05:00:00+00,Sunday,4,Bus,453345,113336,4758
2018/10/01 04:00:00+00,Sunday,4,Red Line,400252,100063,4759
2018/08/01 04:00:00+00,Sunday,4,Red Line,376756,94189,4760
2019/02/01 05:00:00+00,Sunday,4,Bus,410944,102736,4761
2019/01/01 05:00:00+00,Sunday,4,All Bus,527272,131818,4762
2018/10/01 04:00:00+00,Sunday,4,Heavy Rail,814482,203620,4763
2018/08/01 04:00:00+00,Sunday,4,Heavy Rail,805396,201349,4764
2019/02/01 05:00:00+00,Sunday,4,All Bus,474391,118598,4765
2019/02/01 05:00:00+00,Sunday,4,Commuter Rail,55804,13951,4766
2019/02/01 05:00:00+00,Sunday,4,The RIDE,10534,2634,4767
2019/02/01 05:00:00+00,Total,28,Blue Line,1474714,52668,4768
2019/02/01 05:00:00+00,Total,28,Orange Line,4478618,159951,4769
2019/02/01 05:00:00+00,Total,28,Red Line,5594678,199810,4770
2019/02/01 05:00:00+00,Total,28,Heavy Rail,11548009,412429,4771
2019/02/01 05:00:00+00,Total,28,Green Line,4278179,152792,4772
2019/02/01 05:00:00+00,Total,28,Light Rail,4278179,152792,4773
2019/02/01 05:00:00+00,Total,28,Silver Line,827339,29548,4774
2019/01/01 05:00:00+00,Sunday,4,Commuter Rail,51856,12964,4775
2019/01/01 05:00:00+00,Sunday,4,The RIDE,8487,2122,4776
2018/10/01 04:00:00+00,Sunday,4,Green Line,408083,102021,4777
2019/01/01 05:00:00+00,Total,31,Blue Line,1606484,51822,4778
2018/08/01 04:00:00+00,Sunday,4,Green Line,363100,90775,4779
2018/10/01 04:00:00+00,Sunday,4,Light Rail,408083,102021,4780
2019/01/01 05:00:00+00,Total,31,Orange Line,4825535,155662,4781
2018/08/01 04:00:00+00,Sunday,4,Light Rail,363100,90775,4782
2018/10/01 04:00:00+00,Sunday,4,Silver Line,73546,18386,4783
2019/01/01 05:00:00+00,Total,31,Red Line,5934838,191446,4784
2018/08/01 04:00:00+00,Sunday,4,Silver Line,82155,20539,4785
2018/10/01 04:00:00+00,Sunday,4,Bus,484299,121075,4786
2019/01/01 05:00:00+00,Total,31,Heavy Rail,12366856,398931,4787
2018/08/01 04:00:00+00,Sunday,4,Bus,485082,121270,4788
2018/10/01 04:00:00+00,Sunday,4,All Bus,557845,139461,4789
2019/01/01 05:00:00+00,Total,31,Green Line,4442494,143306,4790
2018/08/01 04:00:00+00,Sunday,4,All Bus,567237,141809,4791
2018/10/01 04:00:00+00,Sunday,4,Commuter Rail,50304,12576,4792
2019/01/01 05:00:00+00,Total,31,Light Rail,4442494,143306,4793
2018/08/01 04:00:00+00,Sunday,4,Commuter Rail,42496,10624,4794
2018/10/01 04:00:00+00,Sunday,4,The RIDE,11266,2816,4795
2018/08/01 04:00:00+00,Sunday,4,The RIDE,11732,2933,4796
2018/10/01 04:00:00+00,Total,31,Blue Line,1900843,61318,4797
2018/08/01 04:00:00+00,Total,31,Blue Line,1823972,58838,4798
2018/10/01 04:00:00+00,Total,31,Orange Line,5581553,180050,4799
2018/10/01 04:00:00+00,Total,31,Red Line,7087303,228623,4800
2018/08/01 04:00:00+00,Total,31,Orange Line,5057984,163161,4801
2018/08/01 04:00:00+00,Total,31,Red Line,6473801,208832,4802
2018/08/01 04:00:00+00,Total,31,Heavy Rail,13355756,430831,4803
2018/08/01 04:00:00+00,Total,31,Green Line,4778718,154152,4804
2018/08/01 04:00:00+00,Total,31,Light Rail,4778718,154152,4805
2018/08/01 04:00:00+00,Total,31,Silver Line,1030473,33241,4806
2018/08/01 04:00:00+00,Total,31,Bus,8532722,275249,4807
2018/08/01 04:00:00+00,Total,31,Trackless Trolley,266987,8612,4808
2018/08/01 04:00:00+00,Total,31,Private Bus,82891,2674,4809
2018/08/01 04:00:00+00,Total,31,All Bus,9913072,319777,4810
2018/08/01 04:00:00+00,Total,31,Commuter Rail,2728907,88029,4811
2018/08/01 04:00:00+00,Total,31,Ferry,186413,6013,4812
2018/08/01 04:00:00+00,Total,31,The RIDE,164388,5303,4813
2018/07/01 04:00:00+00,Weekday,21,Blue Line,1452009,69143,4814
2018/07/01 04:00:00+00,Weekday,21,Orange Line,4165306,198348,4815
2018/07/01 04:00:00+00,Weekday,21,Red Line,5329350,253779,4816
2018/07/01 04:00:00+00,Weekday,21,Heavy Rail,10946665,521270,4817
2018/07/01 04:00:00+00,Weekday,21,Green Line,3841351,182921,4818
2018/07/01 04:00:00+00,Weekday,21,Light Rail,3841351,182921,4819
2018/07/01 04:00:00+00,Weekday,21,Silver Line,789279,37585,4820
2018/07/01 04:00:00+00,Weekday,21,Bus,6756927,321758,4821
2018/07/01 04:00:00+00,Weekday,21,Trackless Trolley,239822,11420,4822
2018/07/01 04:00:00+00,Weekday,21,Private Bus,66465,3165,4823
2018/07/01 04:00:00+00,Weekday,21,All Bus,7852493,373928,4824
2018/07/01 04:00:00+00,Weekday,21,Commuter Rail,2545179,121199,4825
2018/07/01 04:00:00+00,Weekday,21,Ferry,153951,7331,4826
2018/07/01 04:00:00+00,Weekday,21,The RIDE,125643,5983,4827
2018/07/01 04:00:00+00,Saturday,4,Blue Line,201889,50472,4828
2018/07/01 04:00:00+00,Saturday,4,Orange Line,415538,103884,4829
2018/07/01 04:00:00+00,Saturday,4,Red Line,510958,127740,4830
2018/07/01 04:00:00+00,Saturday,4,Heavy Rail,1128385,282096,4831
2018/07/01 04:00:00+00,Saturday,4,Green Line,484142,121036,4832
2018/07/01 04:00:00+00,Saturday,4,Light Rail,484142,121036,4833
2018/07/01 04:00:00+00,Saturday,4,Silver Line,90346,22586,4834
2018/07/01 04:00:00+00,Saturday,4,Bus,719255,179814,4835
2018/07/01 04:00:00+00,Saturday,4,Trackless Trolley,17559,4390,4836
2018/07/01 04:00:00+00,Saturday,4,All Bus,827160,206790,4837
2018/07/01 04:00:00+00,Saturday,4,Commuter Rail,63736,15934,4838
2018/07/01 04:00:00+00,Saturday,4,The RIDE,12456,3114,4839
2018/07/01 04:00:00+00,Sunday,5,Blue Line,180657,36131,4840
2018/07/01 04:00:00+00,Sunday,5,Orange Line,372678,74536,4841
2018/07/01 04:00:00+00,Sunday,5,Red Line,468242,93648,4842
2018/07/01 04:00:00+00,Sunday,5,Heavy Rail,1021577,204315,4843
2018/07/01 04:00:00+00,Sunday,5,Green Line,443392,88678,4844
2018/07/01 04:00:00+00,Sunday,5,Light Rail,443392,88678,4845
2018/07/01 04:00:00+00,Sunday,5,Silver Line,113151,22630,4846
2018/07/01 04:00:00+00,Sunday,5,Bus,695711,139142,4847
2018/07/01 04:00:00+00,Sunday,5,All Bus,808862,161772,4848
2018/07/01 04:00:00+00,Sunday,5,Commuter Rail,48120,9624,4849
2018/07/01 04:00:00+00,Sunday,5,The RIDE,13626,2725,4850
2018/07/01 04:00:00+00,Total,31,Blue Line,1871505,60371,4851
2018/07/01 04:00:00+00,Total,31,Orange Line,5029552,162244,4852
2018/07/01 04:00:00+00,Total,31,Red Line,6407474,206693,4853
2018/07/01 04:00:00+00,Total,31,Heavy Rail,13308531,429307,4854
2018/07/01 04:00:00+00,Total,31,Green Line,4854824,156607,4855
2018/07/01 04:00:00+00,Total,31,Light Rail,4854824,156607,4856
2018/07/01 04:00:00+00,Total,31,Silver Line,992776,32025,4857
2018/07/01 04:00:00+00,Total,31,Bus,8171893,263609,4858
2018/07/01 04:00:00+00,Total,31,Trackless Trolley,257380,8303,4859
2018/07/01 04:00:00+00,Total,31,Private Bus,80205,2587,4860
2018/07/01 04:00:00+00,Total,31,All Bus,9502255,306524,4861
2018/07/01 04:00:00+00,Total,31,Commuter Rail,2583913,83352,4862
2018/07/01 04:00:00+00,Total,31,Ferry,193685,6248,4863
2018/07/01 04:00:00+00,Total,31,The RIDE,157641,5085,4864
